Date,Amount,Category,Merchant_Name,Payment_Mode,Month,DayOfWeek,Week,MonthNum
2024-08-08,1645.0750000000016,Utilities,PG_Rent,UPI,2024-08,Thursday,32,8
2024-11-24,141.71,Entertainment,Steam,Cash,2024-11,Sunday,47,11
2024-09-08,175.7,Food,Subway,UPI,2024-09,Sunday,36,9
2024-09-28,194.71,Transport,Uber,Cash,2024-09,Saturday,39,9
2024-10-21,542.0,Education,Coursera,Card,2024-10,Monday,43,10
2024-09-26,70.66,Food,Mess_Canteen,UPI,2024-09,Thursday,39,9
2024-09-27,99.06,Transport,Rapido,UPI,2024-09,Friday,39,9
2024-10-27,193.53,Food,CCD,Cash,2024-10,Sunday,43,10
2024-10-22,846.35,Utilities,PG_Rent,UPI,2024-10,Tuesday,43,10
2024-07-16,93.99,Food,Local_Dhaba,UPI,2024-07,Tuesday,29,7
2024-09-03,108.38,Miscellaneous,Namma_Metro,UPI,2024-09,Tuesday,36,9
2024-07-04,772.67,Utilities,Laundry,Cash,2024-07,Thursday,27,7
2024-10-25,134.95,Food,Subway,Cash,2024-10,Friday,43,10
2024-08-29,403.01,Education,Xerox_Shop,UPI,2024-08,Thursday,35,8
2024-10-28,308.73,Entertainment,BookMyShow,UPI,2024-10,Monday,44,10
2024-07-13,1645.0750000000016,Entertainment,Steam,Card,2024-07,Saturday,28,7
2024-08-08,83.94,Transport,Rapido,Cash,2024-08,Thursday,32,8
2024-08-17,281.16,Entertainment,PVR_Cinemas,UPI,2024-08,Saturday,33,8
2024-07-03,163.43,Transport,Rapido,UPI,2024-07,Wednesday,27,7
2024-08-07,596.58,Utilities,Laundry,UPI,2024-08,Wednesday,32,8
2024-10-27,167.0,Transport,Ola,Cash,2024-10,Sunday,43,10
2024-08-28,470.43,Utilities,Airtel,UPI,2024-08,Wednesday,35,8
2024-09-02,594.11,Utilities,PG_Rent,UPI,2024-09,Monday,36,9
2024-11-16,523.06,Education,College_Fee,UPI,2024-11,Saturday,46,11
2024-09-28,199.09,Food,Subway,UPI,2024-09,Saturday,39,9
2024-06-05,81.45,Transport,Ola,Card,2024-06,Wednesday,23,6
2024-09-13,158.12,Entertainment,Spotify,Card,2024-09,Friday,37,9
2024-08-26,506.89,Utilities,Jio_Recharge,UPI,2024-08,Monday,35,8
2024-08-25,474.04,Education,Coursera,Card,2024-08,Sunday,34,8
2024-10-02,364.41,Education,Xerox_Shop,Card,2024-10,Wednesday,40,10
2024-10-14,125.41,Transport,Namma_Metro,Cash,2024-10,Monday,42,10
2024-06-14,108.29,Food,Zomato,UPI,2024-06,Friday,24,6
2024-09-21,183.89,Food,Swiggy,Cash,2024-09,Saturday,38,9
2024-08-28,230.81,Food,Subway,UPI,2024-08,Wednesday,35,8
2024-06-30,793.25,Utilities,Laundry,UPI,2024-06,Sunday,26,6
2024-10-17,572.68,Utilities,EB_Bill,UPI,2024-10,Thursday,42,10
2024-11-20,384.09,Entertainment,Netflix,Cash,2024-11,Wednesday,47,11
2024-11-12,73.9,Transport,Ola,Cash,2024-11,Tuesday,46,11
2024-06-14,182.02,Food,Dominos,UPI,2024-06,Friday,24,6
2024-08-07,175.64,Food,Dominos,Card,2024-08,Wednesday,32,8
2024-09-29,220.69,Food,Local_Dhaba,Cash,2024-09,Sunday,39,9
2024-06-15,464.81,Education,Xerox_Shop,Card,2024-06,Saturday,24,6
2024-10-17,139.89,Transport,Uber,UPI,2024-10,Thursday,42,10
2024-06-07,363.03,Entertainment,BookMyShow,UPI,2024-06,Friday,23,6
2024-10-15,122.94,Food,Zomato,UPI,2024-10,Tuesday,42,10
2024-11-02,149.45,Food,Mess_Canteen,Cash,2024-11,Saturday,44,11
2024-09-27,142.06,Transport,Ola,UPI,2024-09,Friday,39,9
2024-08-20,269.16,Entertainment,Netflix,UPI,2024-08,Tuesday,34,8
2024-07-24,136.54,Food,CCD,Card,2024-07,Wednesday,30,7
2024-07-11,419.62,Entertainment,Steam,Card,2024-07,Thursday,28,7
2024-09-15,501.55,Education,College_Fee,UPI,2024-09,Sunday,37,9
2024-09-30,120.6,Food,CCD,UPI,2024-09,Monday,40,9
2024-10-14,861.64,Utilities,PG_Rent,Card,2024-10,Monday,42,10
2024-06-21,183.45,Food,Mess_Canteen,UPI,2024-06,Friday,25,6
2024-08-27,235.71,Entertainment,PVR_Cinemas,UPI,2024-08,Tuesday,35,8
2024-06-27,596.82,Education,Udemy,UPI,2024-06,Thursday,26,6
2024-06-27,688.55,Utilities,Airtel,Card,2024-06,Thursday,26,6
2024-06-14,881.79,Utilities,Laundry,UPI,2024-06,Friday,24,6
2024-09-20,496.18,Utilities,PG_Rent,UPI,2024-09,Friday,38,9
2024-06-21,742.5,Utilities,Laundry,UPI,2024-06,Friday,25,6
2024-09-24,529.48,Education,College_Fee,UPI,2024-09,Tuesday,39,9
2024-10-24,139.14,Food,Subway,UPI,2024-10,Thursday,43,10
2024-10-18,182.48,Food,Local_Dhaba,Card,2024-10,Friday,42,10
2024-08-21,491.86,Education,Coursera,UPI,2024-08,Wednesday,34,8
2024-10-14,219.64,Food,Swiggy,Cash,2024-10,Monday,42,10
2024-10-30,256.91,Entertainment,Steam,UPI,2024-10,Wednesday,44,10
2024-06-30,1624.6,Transport,Rapido,Card,2024-06,Sunday,26,6
2024-11-17,725.51,Education,Coursera,UPI,2024-11,Sunday,46,11
2024-11-10,250.32,Food,CCD,Cash,2024-11,Sunday,45,11
2024-07-24,131.47,Food,Swiggy,Cash,2024-07,Wednesday,30,7
2024-06-19,180.58,Food,Dominos,UPI,2024-06,Wednesday,25,6
2024-08-14,415.06,Entertainment,Netflix,Card,2024-08,Wednesday,33,8
2024-07-23,131.19,Transport,Rapido,UPI,2024-07,Tuesday,30,7
2024-10-23,111.09,Transport,Ola,Cash,2024-10,Wednesday,43,10
2024-09-10,453.63,Education,Books_Store,Card,2024-09,Tuesday,37,9
2024-09-18,86.92,Food,Subway,Cash,2024-09,Wednesday,38,9
2024-07-25,174.22,Food,Local_Dhaba,Cash,2024-07,Thursday,30,7
2024-07-06,217.48,Food,Dominos,Cash,2024-07,Saturday,27,7
2024-06-09,1048.6,Transport,Uber,Card,2024-06,Sunday,23,6
2024-06-04,453.2,Entertainment,Netflix,Card,2024-06,Tuesday,23,6
2024-07-21,306.08,Entertainment,Steam,Card,2024-07,Sunday,29,7
2024-09-30,134.58,Transport,Uber,UPI,2024-09,Monday,40,9
2024-10-11,217.32,Food,Subway,UPI,2024-10,Friday,41,10
2024-07-31,555.77,Utilities,Airtel,Card,2024-07,Wednesday,31,7
2024-11-17,139.57,Transport,Rapido,Cash,2024-11,Sunday,46,11
2024-07-06,160.41,Food,Zomato,UPI,2024-07,Saturday,27,7
2024-10-08,300.93,Utilities,Airtel,UPI,2024-10,Tuesday,41,10
2024-11-19,137.01,Food,Subway,Card,2024-11,Tuesday,47,11
2024-10-25,108.92,Transport,Ola,UPI,2024-10,Friday,43,10
2024-08-18,91.26,Transport,BMTC_Pass,Card,2024-08,Sunday,33,8
2024-09-13,402.22,Education,Coursera,Cash,2024-09,Friday,37,9
2024-08-04,377.35,Utilities,Laundry,UPI,2024-08,Sunday,31,8
2024-10-19,530.21,Utilities,EB_Bill,UPI,2024-10,Saturday,42,10
2024-08-20,538.63,Education,Udemy,Card,2024-08,Tuesday,34,8
2024-09-11,155.98,Food,Local_Dhaba,UPI,2024-09,Wednesday,37,9
2024-08-08,484.5,Transport,Rapido,UPI,2024-08,Thursday,32,8
2024-06-12,502.72,Entertainment,Spotify,UPI,2024-06,Wednesday,24,6
2024-11-19,202.17,Food,Zomato,Card,2024-11,Tuesday,47,11
2024-06-07,148.9,Food,Mess_Canteen,UPI,2024-06,Friday,23,6
2024-06-29,287.56,Entertainment,Spotify,UPI,2024-06,Saturday,26,6
2024-07-25,146.65,Food,CCD,Card,2024-07,Thursday,30,7
2024-07-21,149.38,Food,Swiggy,Cash,2024-07,Sunday,29,7
2024-08-28,140.27,Transport,BMTC_Pass,UPI,2024-08,Wednesday,35,8
2024-09-14,214.97,Food,Zomato,Cash,2024-09,Saturday,37,9
2024-09-13,89.38,Food,Subway,Card,2024-09,Friday,37,9
2024-08-05,152.9,Food,CCD,UPI,2024-08,Monday,32,8
2024-08-17,387.53,Entertainment,PVR_Cinemas,UPI,2024-08,Saturday,33,8
2024-07-10,281.8,Entertainment,Steam,Card,2024-07,Wednesday,28,7
2024-07-21,252.48,Food,Local_Dhaba,UPI,2024-07,Sunday,29,7
2024-10-18,52.1528,Transport,Ola,Cash,2024-10,Friday,42,10
2024-10-09,424.48,Miscellaneous,College_Fee,UPI,2024-10,Wednesday,41,10
2024-09-05,145.68,Food,Local_Dhaba,UPI,2024-09,Thursday,36,9
2024-07-25,332.13,Entertainment,Netflix,Card,2024-07,Thursday,30,7
2024-10-26,550.05,Education,Coursera,UPI,2024-10,Saturday,43,10
2024-10-22,183.84,Food,Mess_Canteen,Card,2024-10,Tuesday,43,10
2024-06-26,86.88,Food,Mess_Canteen,UPI,2024-06,Wednesday,26,6
2024-11-02,79.35,Transport,Rapido,UPI,2024-11,Saturday,44,11
2024-11-10,593.55,Utilities,Airtel,UPI,2024-11,Sunday,45,11
2024-07-27,602.64,Utilities,Laundry,Card,2024-07,Saturday,30,7
2024-08-07,147.85,Food,Local_Dhaba,Cash,2024-08,Wednesday,32,8
2024-06-19,580.42,Utilities,Jio_Recharge,Card,2024-06,Wednesday,25,6
2024-06-24,1645.0750000000016,Utilities,Jio_Recharge,Card,2024-06,Monday,26,6
2024-06-04,146.84,Food,Mess_Canteen,Cash,2024-06,Tuesday,23,6
2024-07-30,52.1528,Transport,Rapido,UPI,2024-07,Tuesday,31,7
2024-09-16,98.21,Food,Subway,UPI,2024-09,Monday,38,9
2024-06-30,454.05,Entertainment,Steam,UPI,2024-06,Sunday,26,6
2024-06-26,487.68,Education,Udemy,UPI,2024-06,Wednesday,26,6
2024-08-19,764.94,Utilities,Laundry,UPI,2024-08,Monday,34,8
2024-10-13,281.19,Entertainment,BookMyShow,Card,2024-10,Sunday,41,10
2024-10-16,119.4,Food,Subway,UPI,2024-10,Wednesday,42,10
2024-08-09,182.08,Food,Subway,UPI,2024-08,Friday,32,8
2024-10-05,239.78,Entertainment,BookMyShow,UPI,2024-10,Saturday,40,10
2024-06-12,161.17,Food,Swiggy,UPI,2024-06,Wednesday,24,6
2024-08-28,177.93,Food,Local_Dhaba,UPI,2024-08,Wednesday,35,8
2024-09-27,365.32,Entertainment,Netflix,UPI,2024-09,Friday,39,9
2024-08-02,124.32,Food,Swiggy,UPI,2024-08,Friday,31,8
2024-08-13,132.15,Transport,Uber,UPI,2024-08,Tuesday,33,8
2024-07-02,530.69,Utilities,Airtel,UPI,2024-07,Tuesday,27,7
2024-08-03,198.54,Food,Dominos,UPI,2024-08,Saturday,31,8
2024-06-24,821.34,Education,Books_Store,UPI,2024-06,Monday,26,6
2024-07-07,163.88,Transport,Uber,UPI,2024-07,Sunday,27,7
2024-09-17,298.12,Entertainment,Spotify,UPI,2024-09,Tuesday,38,9
2024-10-29,109.5,Transport,Rapido,UPI,2024-10,Tuesday,44,10
2024-09-25,311.63,Entertainment,BookMyShow,UPI,2024-09,Wednesday,39,9
2024-07-19,375.46,Entertainment,Spotify,Card,2024-07,Friday,29,7
2024-07-08,368.13,Entertainment,BookMyShow,UPI,2024-07,Monday,28,7
2024-10-26,198.76,Food,CCD,UPI,2024-10,Saturday,43,10
2024-07-01,117.28,Food,Local_Dhaba,UPI,2024-07,Monday,27,7
2024-06-07,167.63,Food,Dominos,Card,2024-06,Friday,23,6
2024-09-18,147.95,Food,CCD,UPI,2024-09,Wednesday,38,9
2024-07-23,608.46,Utilities,Jio_Recharge,UPI,2024-07,Tuesday,30,7
2024-08-09,418.57,Entertainment,BookMyShow,Card,2024-08,Friday,32,8
2024-11-15,115.84,Food,Zomato,UPI,2024-11,Friday,46,11
2024-09-29,375.66,Entertainment,Steam,UPI,2024-09,Sunday,39,9
2024-09-06,482.65,Education,Udemy,UPI,2024-09,Friday,36,9
2024-08-10,219.01,Food,Dominos,Cash,2024-08,Saturday,32,8
2024-10-02,260.9,Entertainment,Steam,Card,2024-10,Wednesday,40,10
2024-11-17,467.13,Education,Udemy,UPI,2024-11,Sunday,46,11
2024-10-03,215.4,Food,CCD,UPI,2024-10,Thursday,40,10
2024-08-22,70.77,Food,Dominos,Card,2024-08,Thursday,34,8
2024-08-19,219.14,Entertainment,Steam,UPI,2024-08,Monday,34,8
2024-09-12,153.9,Food,Swiggy,UPI,2024-09,Thursday,37,9
2024-09-09,252.95,Entertainment,Netflix,UPI,2024-09,Monday,37,9
2024-07-15,145.52,Transport,Rapido,UPI,2024-07,Monday,29,7
2024-08-03,805.71,Utilities,EB_Bill,Cash,2024-08,Saturday,31,8
2024-07-05,154.92,Food,Local_Dhaba,UPI,2024-07,Friday,27,7
2024-06-12,95.75,Transport,BMTC_Pass,UPI,2024-06,Wednesday,24,6
2024-09-01,178.94,Food,Zomato,UPI,2024-09,Sunday,35,9
2024-07-10,610.66,Utilities,Airtel,UPI,2024-07,Wednesday,28,7
2024-08-17,322.9,Entertainment,BookMyShow,Card,2024-08,Saturday,33,8
2024-10-20,255.77,Food,Dominos,Cash,2024-10,Sunday,42,10
2024-08-04,71.47,Transport,Namma_Metro,Card,2024-08,Sunday,31,8
2024-10-15,766.32,Utilities,Laundry,UPI,2024-10,Tuesday,42,10
2024-08-23,534.69,Utilities,Jio_Recharge,Cash,2024-08,Friday,34,8
2024-11-23,348.9,Entertainment,PVR_Cinemas,Cash,2024-11,Saturday,47,11
2024-08-07,395.14,Entertainment,Steam,UPI,2024-08,Wednesday,32,8
2024-08-25,301.41,Food,Local_Dhaba,UPI,2024-08,Sunday,34,8
2024-06-26,147.18,Food,Subway,UPI,2024-06,Wednesday,26,6
2024-09-12,515.81,Miscellaneous,Jio_Recharge,UPI,2024-09,Thursday,37,9
2024-07-28,216.68,Food,Dominos,UPI,2024-07,Sunday,30,7
2024-09-22,269.82,Food,Swiggy,Cash,2024-09,Sunday,38,9
2024-06-08,269.15,Food,Subway,Cash,2024-06,Saturday,23,6
2024-09-30,610.48,Utilities,EB_Bill,UPI,2024-09,Monday,40,9
2024-09-19,480.73,Utilities,EB_Bill,UPI,2024-09,Thursday,38,9
2024-09-10,403.43,Entertainment,BookMyShow,Card,2024-09,Tuesday,37,9
2024-08-01,561.48,Utilities,EB_Bill,Card,2024-08,Thursday,31,8
2024-09-06,252.25,Entertainment,Steam,UPI,2024-09,Friday,36,9
2024-11-11,417.34,Utilities,Jio_Recharge,Card,2024-11,Monday,46,11
2024-10-26,256.9,Food,Zomato,UPI,2024-10,Saturday,43,10
2024-08-07,118.75,Transport,Uber,UPI,2024-08,Wednesday,32,8
2024-09-13,192.98,Food,Local_Dhaba,UPI,2024-09,Friday,37,9
2024-08-29,246.89,Food,Zomato,UPI,2024-08,Thursday,35,8
2024-07-28,1645.0750000000016,Utilities,PG_Rent,UPI,2024-07,Sunday,30,7
2024-07-09,238.62,Entertainment,BookMyShow,UPI,2024-07,Tuesday,28,7
2024-11-15,802.01,Education,Coursera,UPI,2024-11,Friday,46,11
2024-09-14,303.17,Entertainment,PVR_Cinemas,Cash,2024-09,Saturday,37,9
2024-08-16,139.01,Food,Mess_Canteen,UPI,2024-08,Friday,33,8
2024-11-19,123.3,Transport,Namma_Metro,UPI,2024-11,Tuesday,47,11
2024-11-12,101.33,Food,CCD,UPI,2024-11,Tuesday,46,11
2024-06-07,358.29,Entertainment,BookMyShow,Cash,2024-06,Friday,23,6
2024-10-03,159.63,Food,Zomato,UPI,2024-10,Thursday,40,10
2024-07-17,158.96,Food,Subway,Card,2024-07,Wednesday,29,7
2024-09-25,212.28,Entertainment,Netflix,UPI,2024-09,Wednesday,39,9
2024-06-18,350.38,Entertainment,PVR_Cinemas,UPI,2024-06,Tuesday,25,6
2024-11-14,151.91,Entertainment,BookMyShow,Cash,2024-11,Thursday,46,11
2024-09-03,433.82,Utilities,Airtel,Cash,2024-09,Tuesday,36,9
2024-10-04,721.47,Utilities,PG_Rent,UPI,2024-10,Friday,40,10
2024-11-27,179.63,Food,Subway,UPI,2024-11,Wednesday,48,11
2024-09-11,95.06,Transport,Ola,UPI,2024-09,Wednesday,37,9
2024-09-11,248.57,Food,Zomato,UPI,2024-09,Wednesday,37,9
2024-08-15,159.56,Transport,Namma_Metro,UPI,2024-08,Thursday,33,8
2024-07-22,577.26,Education,Books_Store,UPI,2024-07,Monday,30,7
2024-11-17,149.62,Food,Subway,Cash,2024-11,Sunday,46,11
2024-09-18,179.04,Food,Swiggy,UPI,2024-09,Wednesday,38,9
2024-07-11,52.1528,Transport,Namma_Metro,UPI,2024-07,Thursday,28,7
2024-10-29,193.38,Food,Local_Dhaba,UPI,2024-10,Tuesday,44,10
2024-07-27,97.05,Transport,Namma_Metro,Cash,2024-07,Saturday,30,7
2024-08-22,366.96,Utilities,EB_Bill,Card,2024-08,Thursday,34,8
2024-08-18,225.09,Entertainment,Spotify,Card,2024-08,Sunday,33,8
2024-10-20,135.91,Food,Subway,Card,2024-10,Sunday,42,10
2024-09-25,201.69,Food,Dominos,UPI,2024-09,Wednesday,39,9
2024-06-19,123.52,Transport,BMTC_Pass,UPI,2024-06,Wednesday,25,6
2024-11-20,169.63,Food,Subway,Cash,2024-11,Wednesday,47,11
2024-09-17,321.78,Entertainment,Steam,Cash,2024-09,Tuesday,38,9
2024-11-04,177.35,Transport,Uber,UPI,2024-11,Monday,45,11
2024-08-03,218.88,Food,Local_Dhaba,UPI,2024-08,Saturday,31,8
2024-06-13,819.96,Education,College_Fee,Card,2024-06,Thursday,24,6
2024-07-29,175.95,Food,Mess_Canteen,Cash,2024-07,Monday,31,7
2024-06-30,158.56,Food,Zomato,UPI,2024-06,Sunday,26,6
2024-08-23,148.31,Food,CCD,UPI,2024-08,Friday,34,8
2024-06-14,511.12,Utilities,PG_Rent,Card,2024-06,Friday,24,6
2024-11-18,76.4,Transport,Namma_Metro,UPI,2024-11,Monday,47,11
2024-10-20,216.33,Food,CCD,UPI,2024-10,Sunday,42,10
2024-08-20,534.76,Utilities,Laundry,Card,2024-08,Tuesday,34,8
2024-09-15,117.69,Transport,BMTC_Pass,Cash,2024-09,Sunday,37,9
2024-10-22,294.36,Entertainment,Netflix,Card,2024-10,Tuesday,43,10
2024-08-18,133.83,Transport,Namma_Metro,UPI,2024-08,Sunday,33,8
2024-10-08,137.93,Transport,Namma_Metro,Card,2024-10,Tuesday,41,10
2024-08-11,71.6,Transport,Ola,UPI,2024-08,Sunday,32,8
2024-06-22,102.11,Entertainment,PVR_Cinemas,UPI,2024-06,Saturday,25,6
2024-06-16,222.74,Food,Swiggy,UPI,2024-06,Sunday,24,6
2024-06-06,824.3,Utilities,Laundry,UPI,2024-06,Thursday,23,6
2024-07-31,97.58,Transport,Uber,Card,2024-07,Wednesday,31,7
2024-06-28,70.76,Food,Subway,UPI,2024-06,Friday,26,6
2024-11-15,100.34,Food,Mess_Canteen,Cash,2024-11,Friday,46,11
2024-06-24,415.66,Education,College_Fee,Cash,2024-06,Monday,26,6
2024-08-03,435.97,Education,College_Fee,UPI,2024-08,Saturday,31,8
2024-06-26,75.44,Transport,BMTC_Pass,UPI,2024-06,Wednesday,26,6
2024-09-13,148.19,Food,Local_Dhaba,Cash,2024-09,Friday,37,9
2024-08-09,142.04,Food,Subway,UPI,2024-08,Friday,32,8
2024-11-17,684.85,Utilities,EB_Bill,Cash,2024-11,Sunday,46,11
2024-07-01,118.81,Transport,BMTC_Pass,UPI,2024-07,Monday,27,7
2024-07-24,200.28,Food,Subway,UPI,2024-07,Wednesday,30,7
2024-06-24,729.27,Education,College_Fee,Cash,2024-06,Monday,26,6
2024-07-30,52.1528,Transport,Ola,Card,2024-07,Tuesday,31,7
2024-11-19,120.94,Transport,Uber,Card,2024-11,Tuesday,47,11
2024-07-13,203.63,Food,Subway,UPI,2024-07,Saturday,28,7
2024-11-23,229.97,Food,CCD,Cash,2024-11,Saturday,47,11
2024-11-05,633.24,Utilities,PG_Rent,UPI,2024-11,Tuesday,45,11
2024-10-11,219.77,Food,Swiggy,UPI,2024-10,Friday,41,10
2024-07-15,303.22,Education,Books_Store,Card,2024-07,Monday,29,7
2024-11-17,150.47,Food,Zomato,Card,2024-11,Sunday,46,11
2024-06-30,577.65,Education,Udemy,UPI,2024-06,Sunday,26,6
2024-06-10,707.64,Education,Books_Store,Card,2024-06,Monday,24,6
2024-09-25,245.49,Entertainment,Steam,UPI,2024-09,Wednesday,39,9
2024-11-06,331.68,Entertainment,Netflix,Card,2024-11,Wednesday,45,11
2024-07-11,95.65,Transport,Rapido,UPI,2024-07,Thursday,28,7
2024-08-14,127.83,Transport,Uber,Card,2024-08,Wednesday,33,8
2024-06-08,144.76,Entertainment,Netflix,Card,2024-06,Saturday,23,6
2024-08-15,191.91,Food,Dominos,Cash,2024-08,Thursday,33,8
2024-07-03,112.03,Transport,Namma_Metro,Cash,2024-07,Wednesday,27,7
2024-09-24,186.48,Transport,BMTC_Pass,UPI,2024-09,Tuesday,39,9
2024-09-12,193.88,Food,Subway,Cash,2024-09,Thursday,37,9
2024-09-28,230.71,Food,Subway,Cash,2024-09,Saturday,39,9
2024-11-03,559.17,Education,Udemy,Cash,2024-11,Sunday,44,11
2024-08-01,167.21,Food,Dominos,UPI,2024-08,Thursday,31,8
2024-11-20,116.91,Education,Udemy,Cash,2024-11,Wednesday,47,11
2024-11-10,241.03,Food,Swiggy,Cash,2024-11,Sunday,45,11
2024-09-11,106.66,Transport,BMTC_Pass,UPI,2024-09,Wednesday,37,9
2024-08-04,150.93,Food,Subway,UPI,2024-08,Sunday,31,8
2024-11-24,634.28,Education,Udemy,UPI,2024-11,Sunday,47,11
2024-11-24,378.26,Entertainment,Spotify,UPI,2024-11,Sunday,47,11
2024-10-02,143.25,Food,Zomato,UPI,2024-10,Wednesday,40,10
2024-11-21,750.04,Utilities,Airtel,UPI,2024-11,Thursday,47,11
2024-06-04,73.82,Food,Local_Dhaba,Cash,2024-06,Tuesday,23,6
2024-10-04,520.98,Entertainment,BookMyShow,UPI,2024-10,Friday,40,10
2024-08-11,354.26,Education,Books_Store,Cash,2024-08,Sunday,32,8
2024-10-07,635.57,Utilities,Laundry,UPI,2024-10,Monday,41,10
2024-08-11,430.23,Entertainment,PVR_Cinemas,UPI,2024-08,Sunday,32,8
2024-06-07,416.95,Education,College_Fee,Cash,2024-06,Friday,23,6
2024-08-17,108.85,Entertainment,BookMyShow,UPI,2024-08,Saturday,33,8
2024-11-06,52.1528,Food,Swiggy,Card,2024-11,Wednesday,45,11
2024-07-31,1645.0750000000016,Entertainment,PVR_Cinemas,UPI,2024-07,Wednesday,31,7
2024-09-03,82.31,Transport,Ola,Card,2024-09,Tuesday,36,9
2024-10-07,143.97,Food,Local_Dhaba,UPI,2024-10,Monday,41,10
2024-07-04,676.89,Education,Books_Store,UPI,2024-07,Thursday,27,7
2024-08-30,660.2,Utilities,EB_Bill,Card,2024-08,Friday,35,8
2024-07-25,107.8,Food,Dominos,UPI,2024-07,Thursday,30,7
2024-07-27,229.91,Food,Subway,Card,2024-07,Saturday,30,7
2024-11-05,308.65,Entertainment,Spotify,UPI,2024-11,Tuesday,45,11
2024-06-29,705.55,Utilities,EB_Bill,UPI,2024-06,Saturday,26,6
2024-06-23,192.15,Food,Swiggy,Cash,2024-06,Sunday,25,6
2024-06-18,175.68,Food,Local_Dhaba,UPI,2024-06,Tuesday,25,6
2024-08-17,260.1,Entertainment,Netflix,UPI,2024-08,Saturday,33,8
2024-10-26,129.74,Transport,Rapido,UPI,2024-10,Saturday,43,10
2024-07-03,143.77,Food,Swiggy,UPI,2024-07,Wednesday,27,7
2024-07-05,78.73,Transport,Rapido,Card,2024-07,Friday,27,7
2024-08-15,493.06,Entertainment,Spotify,Cash,2024-08,Thursday,33,8
2024-07-02,182.74,Food,Mess_Canteen,UPI,2024-07,Tuesday,27,7
2024-10-16,658.34,Utilities,PG_Rent,Card,2024-10,Wednesday,42,10
2024-11-19,721.3,Education,Books_Store,UPI,2024-11,Tuesday,47,11
2024-08-18,145.7,Transport,Namma_Metro,UPI,2024-08,Sunday,33,8
2024-06-04,157.23,Food,Dominos,Card,2024-06,Tuesday,23,6
2024-11-15,127.31,Entertainment,BookMyShow,Cash,2024-11,Friday,46,11
2024-11-19,163.47,Food,Local_Dhaba,UPI,2024-11,Tuesday,47,11
2024-10-21,84.14,Food,Local_Dhaba,UPI,2024-10,Monday,43,10
2024-10-07,707.06,Utilities,Laundry,UPI,2024-10,Monday,41,10
2024-10-05,181.99,Food,Zomato,Cash,2024-10,Saturday,40,10
2024-09-17,583.75,Education,College_Fee,Card,2024-09,Tuesday,38,9
2024-10-29,77.43,Food,CCD,Cash,2024-10,Tuesday,44,10
2024-10-05,160.44,Entertainment,PVR_Cinemas,Cash,2024-10,Saturday,40,10
2024-10-20,301.4,Entertainment,Netflix,Cash,2024-10,Sunday,42,10
2024-07-12,457.98,Entertainment,PVR_Cinemas,Cash,2024-07,Friday,28,7
2024-08-27,170.66,Food,Zomato,Cash,2024-08,Tuesday,35,8
2024-08-10,251.77,Education,Coursera,UPI,2024-08,Saturday,32,8
2024-11-24,240.88,Entertainment,BookMyShow,UPI,2024-11,Sunday,47,11
2024-06-06,335.4,Entertainment,BookMyShow,UPI,2024-06,Thursday,23,6
2024-09-12,125.91,Food,Zomato,Cash,2024-09,Thursday,37,9
2024-08-13,82.36,Food,Mess_Canteen,UPI,2024-08,Tuesday,33,8
2024-09-21,198.81,Food,Zomato,UPI,2024-09,Saturday,38,9
2024-08-16,271.17,Education,Xerox_Shop,UPI,2024-08,Friday,33,8
2024-06-01,492.96,Education,Udemy,Cash,2024-06,Saturday,22,6
2024-09-06,145.54,Food,Local_Dhaba,UPI,2024-09,Friday,36,9
2024-07-11,378.76,Education,Books_Store,UPI,2024-07,Thursday,28,7
2024-08-21,194.18,Food,Mess_Canteen,UPI,2024-08,Wednesday,34,8
2024-06-30,174.73,Food,Local_Dhaba,UPI,2024-06,Sunday,26,6
2024-07-10,123.63,Entertainment,Netflix,UPI,2024-07,Wednesday,28,7
2024-08-29,419.04,Education,Books_Store,UPI,2024-08,Thursday,35,8
2024-09-05,119.54,Food,CCD,Cash,2024-09,Thursday,36,9
2024-11-23,308.94,Entertainment,Netflix,UPI,2024-11,Saturday,47,11
2024-10-14,152.55,Food,Dominos,Cash,2024-10,Monday,42,10
2024-07-31,155.86,Transport,Rapido,Cash,2024-07,Wednesday,31,7
2024-11-09,93.71,Transport,Namma_Metro,Cash,2024-11,Saturday,45,11
2024-06-09,127.8,Entertainment,Netflix,UPI,2024-06,Sunday,23,6
2024-06-10,172.96,Transport,Uber,Cash,2024-06,Monday,24,6
2024-10-31,112.24,Food,Zomato,Card,2024-10,Thursday,44,10
2024-07-19,1053.9,Food,Dominos,UPI,2024-07,Friday,29,7
2024-10-01,106.63,Transport,Ola,Cash,2024-10,Tuesday,40,10
2024-09-30,209.27,Entertainment,PVR_Cinemas,Cash,2024-09,Monday,40,9
2024-09-23,508.36,Education,Xerox_Shop,UPI,2024-09,Monday,39,9
2024-11-08,941.42,Utilities,Airtel,Cash,2024-11,Friday,45,11
2024-10-07,376.9,Education,Udemy,Card,2024-10,Monday,41,10
2024-11-26,178.46,Food,Local_Dhaba,UPI,2024-11,Tuesday,48,11
2024-07-09,200.7,Food,Local_Dhaba,UPI,2024-07,Tuesday,28,7
2024-10-10,132.47,Transport,Uber,Cash,2024-10,Thursday,41,10
2024-11-14,127.05,Transport,Rapido,Card,2024-11,Thursday,46,11
2024-10-19,259.36,Food,CCD,Cash,2024-10,Saturday,42,10
2024-06-18,311.27,Entertainment,Spotify,Card,2024-06,Tuesday,25,6
2024-06-07,961.83,Education,Xerox_Shop,UPI,2024-06,Friday,23,6
2024-09-13,402.22,Education,Coursera,Cash,2024-09,Friday,37,9
2024-10-10,633.56,Utilities,Jio_Recharge,UPI,2024-10,Thursday,41,10
2024-09-19,178.52,Food,CCD,Cash,2024-09,Thursday,38,9
2024-10-03,118.66,Transport,Uber,Cash,2024-10,Thursday,40,10
2024-06-26,162.65,Food,Zomato,UPI,2024-06,Wednesday,26,6
2024-08-09,172.31,Food,Dominos,UPI,2024-08,Friday,32,8
2024-06-15,374.7,Education,Xerox_Shop,Card,2024-06,Saturday,24,6
2024-11-23,338.29,Entertainment,PVR_Cinemas,Cash,2024-11,Saturday,47,11
2024-10-22,466.13,Education,Xerox_Shop,Cash,2024-10,Tuesday,43,10
2024-07-21,249.59,Miscellaneous,Xerox_Shop,UPI,2024-07,Sunday,29,7
2024-10-29,140.36,Transport,Ola,Cash,2024-10,Tuesday,44,10
2024-10-17,150.59,Food,Swiggy,UPI,2024-10,Thursday,42,10
2024-07-19,383.51,Entertainment,BookMyShow,UPI,2024-07,Friday,29,7
2024-08-23,119.45,Transport,Uber,UPI,2024-08,Friday,34,8
2024-07-25,151.1,Food,Zomato,UPI,2024-07,Thursday,30,7
2024-08-31,278.22,Education,College_Fee,UPI,2024-08,Saturday,35,8
2024-08-05,173.4,Entertainment,Spotify,UPI,2024-08,Monday,32,8
2024-09-27,598.15,Education,Xerox_Shop,UPI,2024-09,Friday,39,9
2024-10-08,158.91,Transport,Ola,Card,2024-10,Tuesday,41,10
2024-06-03,321.04,Entertainment,PVR_Cinemas,UPI,2024-06,Monday,23,6
2024-11-20,204.05,Food,Local_Dhaba,UPI,2024-11,Wednesday,47,11
2024-10-19,737.9,Education,Coursera,Card,2024-10,Saturday,42,10
2024-06-27,134.25,Transport,Uber,UPI,2024-06,Thursday,26,6
2024-06-05,283.44,Entertainment,PVR_Cinemas,UPI,2024-06,Wednesday,23,6
2024-11-23,224.75,Food,Local_Dhaba,Cash,2024-11,Saturday,47,11
2024-08-07,317.31,Utilities,PG_Rent,Cash,2024-08,Wednesday,32,8
2024-10-03,482.79,Education,College_Fee,UPI,2024-10,Thursday,40,10
2024-09-15,188.55,Food,Local_Dhaba,UPI,2024-09,Sunday,37,9
2024-10-17,346.35,Entertainment,Netflix,Card,2024-10,Thursday,42,10
2024-09-01,202.94,Food,Dominos,Cash,2024-09,Sunday,35,9
2024-11-14,62.16,Food,Dominos,Cash,2024-11,Thursday,46,11
2024-11-16,481.86,Education,College_Fee,Cash,2024-11,Saturday,46,11
2024-11-08,599.35,Utilities,PG_Rent,Cash,2024-11,Friday,45,11
2024-07-29,746.25,Utilities,EB_Bill,Card,2024-07,Monday,31,7
2024-09-04,143.45,Transport,Rapido,UPI,2024-09,Wednesday,36,9
2024-06-21,486.76,Education,Coursera,UPI,2024-06,Friday,25,6
2024-08-18,585.89,Education,Xerox_Shop,UPI,2024-08,Sunday,33,8
2024-10-24,376.18,Education,Coursera,UPI,2024-10,Thursday,43,10
2024-07-24,98.42,Transport,Rapido,Cash,2024-07,Wednesday,30,7
2024-10-17,153.46,Food,CCD,Cash,2024-10,Thursday,42,10
2024-10-12,69.33,Transport,BMTC_Pass,UPI,2024-10,Saturday,41,10
2024-10-09,58.28,Food,Zomato,UPI,2024-10,Wednesday,41,10
2024-07-13,343.79,Entertainment,BookMyShow,UPI,2024-07,Saturday,28,7
2024-08-22,89.51,Transport,Namma_Metro,UPI,2024-08,Thursday,34,8
2024-09-11,130.01,Food,Local_Dhaba,UPI,2024-09,Wednesday,37,9
2024-09-30,352.97,Entertainment,Netflix,UPI,2024-09,Monday,40,9
2024-11-08,119.94,Food,Mess_Canteen,Cash,2024-11,Friday,45,11
2024-10-05,1013.8,Utilities,PG_Rent,UPI,2024-10,Saturday,40,10
2024-06-14,180.29,Food,Mess_Canteen,UPI,2024-06,Friday,24,6
2024-07-22,538.4,Education,Udemy,Cash,2024-07,Monday,30,7
2024-08-08,206.51,Food,Subway,Card,2024-08,Thursday,32,8
2024-06-29,296.96,Food,Swiggy,UPI,2024-06,Saturday,26,6
2024-06-17,119.13,Transport,BMTC_Pass,UPI,2024-06,Monday,25,6
2024-11-08,107.43,Transport,BMTC_Pass,UPI,2024-11,Friday,45,11
2024-09-24,875.32,Utilities,Jio_Recharge,UPI,2024-09,Tuesday,39,9
2024-11-14,75.87,Transport,Uber,Card,2024-11,Thursday,46,11
2024-11-03,394.83,Entertainment,BookMyShow,Card,2024-11,Sunday,44,11
2024-11-05,140.86,Food,Subway,Card,2024-11,Tuesday,45,11
2024-08-17,357.17,Entertainment,Steam,UPI,2024-08,Saturday,33,8
2024-07-29,182.19,Transport,Rapido,UPI,2024-07,Monday,31,7
2024-08-12,450.88,Miscellaneous,PVR_Cinemas,Cash,2024-08,Monday,33,8
2024-08-28,155.65,Food,Dominos,UPI,2024-08,Wednesday,35,8
2024-07-18,712.34,Utilities,Airtel,UPI,2024-07,Thursday,29,7
2024-07-07,654.28,Utilities,PG_Rent,UPI,2024-07,Sunday,27,7
2024-09-15,313.54,Entertainment,Steam,UPI,2024-09,Sunday,37,9
2024-07-19,170.77,Entertainment,Steam,UPI,2024-07,Friday,29,7
2024-07-19,492.46,Education,Books_Store,UPI,2024-07,Friday,29,7
2024-06-22,1645.0750000000016,Entertainment,Spotify,UPI,2024-06,Saturday,25,6
2024-09-06,164.39,Food,CCD,UPI,2024-09,Friday,36,9
2024-08-25,517.35,Education,Coursera,Cash,2024-08,Sunday,34,8
2024-08-19,165.23,Food,Zomato,UPI,2024-08,Monday,34,8
2024-11-06,211.28,Entertainment,Netflix,Cash,2024-11,Wednesday,45,11
2024-10-24,126.28,Transport,Uber,Card,2024-10,Thursday,43,10
2024-06-29,137.05,Transport,Namma_Metro,Cash,2024-06,Saturday,26,6
2024-08-23,583.67,Education,Xerox_Shop,UPI,2024-08,Friday,34,8
2024-10-11,261.47,Entertainment,BookMyShow,Card,2024-10,Friday,41,10
2024-09-23,455.37,Education,Udemy,UPI,2024-09,Monday,39,9
2024-11-16,634.57,Utilities,PG_Rent,Card,2024-11,Saturday,46,11
2024-06-21,317.81,Entertainment,PVR_Cinemas,UPI,2024-06,Friday,25,6
2024-10-29,95.09,Transport,Rapido,Cash,2024-10,Tuesday,44,10
2024-10-26,428.76,Education,Xerox_Shop,UPI,2024-10,Saturday,43,10
2024-08-03,512.63,Utilities,EB_Bill,UPI,2024-08,Saturday,31,8
2024-06-05,147.12,Transport,Rapido,UPI,2024-06,Wednesday,23,6
2024-08-01,122.83,Transport,Namma_Metro,UPI,2024-08,Thursday,31,8
2024-08-15,195.28,Food,Mess_Canteen,UPI,2024-08,Thursday,33,8
2024-07-07,195.94,Food,Subway,UPI,2024-07,Sunday,27,7
2024-07-01,111.47,Transport,Uber,Card,2024-07,Monday,27,7
2024-11-08,89.79,Transport,Uber,Card,2024-11,Friday,45,11
2024-08-22,135.27,Transport,Rapido,Card,2024-08,Thursday,34,8
2024-10-16,384.05,Education,Books_Store,Cash,2024-10,Wednesday,42,10
2024-07-26,83.54,Transport,Namma_Metro,UPI,2024-07,Friday,30,7
2024-11-17,233.15,Food,CCD,Cash,2024-11,Sunday,46,11
2024-11-22,901.99,Utilities,Jio_Recharge,Cash,2024-11,Friday,47,11
2024-08-01,372.98,Education,Xerox_Shop,UPI,2024-08,Thursday,31,8
2024-06-25,409.16,Education,Books_Store,Card,2024-06,Tuesday,26,6
2024-06-10,70.22,Transport,Uber,UPI,2024-06,Monday,24,6
2024-06-16,357.68,Entertainment,Netflix,UPI,2024-06,Sunday,24,6
2024-07-28,229.95,Entertainment,BookMyShow,Cash,2024-07,Sunday,30,7
2024-08-31,643.34,Utilities,Jio_Recharge,Cash,2024-08,Saturday,35,8
2024-10-24,166.7,Food,CCD,Cash,2024-10,Thursday,43,10
2024-11-11,177.61,Entertainment,Netflix,Cash,2024-11,Monday,46,11
2024-10-20,144.79,Food,Dominos,Cash,2024-10,Sunday,42,10
2024-08-10,408.75,Entertainment,Steam,UPI,2024-08,Saturday,32,8
2024-07-31,232.17,Food,Subway,Card,2024-07,Wednesday,31,7
2024-08-26,317.72,Entertainment,BookMyShow,UPI,2024-08,Monday,35,8
2024-09-07,266.42,Food,Local_Dhaba,UPI,2024-09,Saturday,36,9
2024-11-23,518.99,Utilities,Laundry,UPI,2024-11,Saturday,47,11
2024-11-22,662.36,Utilities,PG_Rent,UPI,2024-11,Friday,47,11
2024-07-13,178.35,Entertainment,Steam,Cash,2024-07,Saturday,28,7
2024-10-29,116.1,Food,CCD,Cash,2024-10,Tuesday,44,10
2024-09-07,116.0,Transport,Namma_Metro,UPI,2024-09,Saturday,36,9
2024-08-03,234.27,Food,Dominos,UPI,2024-08,Saturday,31,8
2024-11-11,135.26,Food,Local_Dhaba,UPI,2024-11,Monday,46,11
2024-09-16,94.91,Food,CCD,Cash,2024-09,Monday,38,9
2024-09-17,234.46,Food,Local_Dhaba,UPI,2024-09,Tuesday,38,9
2024-06-06,102.98,Food,Local_Dhaba,UPI,2024-06,Thursday,23,6
2024-09-25,175.37,Miscellaneous,BMTC_Pass,Cash,2024-09,Wednesday,39,9
2024-07-07,200.35,Food,Swiggy,UPI,2024-07,Sunday,27,7
2024-10-02,166.42,Food,Zomato,Cash,2024-10,Wednesday,40,10
2024-11-25,886.0,Education,College_Fee,UPI,2024-11,Monday,48,11
2024-10-21,99.48,Food,Zomato,UPI,2024-10,Monday,43,10
2024-10-23,169.67,Entertainment,PVR_Cinemas,Cash,2024-10,Wednesday,43,10
2024-06-12,80.17,Transport,Namma_Metro,Cash,2024-06,Wednesday,24,6
2024-11-06,136.09,Food,Subway,Card,2024-11,Wednesday,45,11
2024-07-24,412.54,Education,College_Fee,UPI,2024-07,Wednesday,30,7
2024-07-26,102.38,Transport,BMTC_Pass,UPI,2024-07,Friday,30,7
2024-11-27,314.9,Utilities,Jio_Recharge,UPI,2024-11,Wednesday,48,11
2024-11-23,870.24,Utilities,PG_Rent,Card,2024-11,Saturday,47,11
2024-06-19,203.78,Food,CCD,UPI,2024-06,Wednesday,25,6
2024-06-13,291.3,Entertainment,PVR_Cinemas,UPI,2024-06,Thursday,24,6
2024-06-11,102.58,Transport,Namma_Metro,Cash,2024-06,Tuesday,24,6
2024-10-07,452.72,Utilities,Airtel,Card,2024-10,Monday,41,10
2024-08-13,553.37,Utilities,PG_Rent,UPI,2024-08,Tuesday,33,8
2024-06-15,149.29,Transport,Uber,UPI,2024-06,Saturday,24,6
2024-06-17,160.24,Food,Local_Dhaba,Cash,2024-06,Monday,25,6
2024-08-05,121.23,Transport,Uber,UPI,2024-08,Monday,32,8
2024-08-06,131.09,Food,Dominos,UPI,2024-08,Tuesday,32,8
2024-08-12,828.47,Education,College_Fee,UPI,2024-08,Monday,33,8
2024-11-10,182.98,Transport,Uber,UPI,2024-11,Sunday,45,11
2024-06-21,644.09,Utilities,Laundry,UPI,2024-06,Friday,25,6
2024-09-22,280.34,Education,Xerox_Shop,Cash,2024-09,Sunday,38,9
2024-11-04,171.98,Transport,Namma_Metro,UPI,2024-11,Monday,45,11
2024-09-21,214.27,Food,Mess_Canteen,UPI,2024-09,Saturday,38,9
2024-11-23,256.05,Food,Swiggy,Card,2024-11,Saturday,47,11
2024-06-08,196.22,Food,Swiggy,UPI,2024-06,Saturday,23,6
2024-08-18,643.8,Utilities,EB_Bill,Card,2024-08,Sunday,33,8
2024-10-02,627.44,Education,Udemy,Cash,2024-10,Wednesday,40,10
2024-11-22,163.36,Food,Swiggy,Cash,2024-11,Friday,47,11
2024-06-01,1645.0750000000016,Food,Dominos,Cash,2024-06,Saturday,22,6
2024-08-30,414.02,Entertainment,Steam,UPI,2024-08,Friday,35,8
2024-07-28,252.26,Food,Mess_Canteen,Cash,2024-07,Sunday,30,7
2024-08-02,464.88,Education,Udemy,UPI,2024-08,Friday,31,8
2024-11-21,337.84,Education,Books_Store,Cash,2024-11,Thursday,47,11
2024-09-29,100.34,Transport,Namma_Metro,UPI,2024-09,Sunday,39,9
2024-07-11,114.75,Food,Local_Dhaba,UPI,2024-07,Thursday,28,7
2024-10-31,75.69,Transport,Rapido,Card,2024-10,Thursday,44,10
2024-08-11,222.4,Food,Swiggy,UPI,2024-08,Sunday,32,8
2024-10-16,103.36,Transport,BMTC_Pass,Cash,2024-10,Wednesday,42,10
2024-09-06,387.18,Entertainment,Steam,UPI,2024-09,Friday,36,9
2024-09-14,413.66,Utilities,PG_Rent,UPI,2024-09,Saturday,37,9
2024-06-21,1060.48,Utilities,Airtel,UPI,2024-06,Friday,25,6
2024-11-06,166.9,Entertainment,BookMyShow,UPI,2024-11,Wednesday,45,11
2024-11-21,191.36,Food,Zomato,Cash,2024-11,Thursday,47,11
2024-11-04,760.13,Utilities,Airtel,UPI,2024-11,Monday,45,11
2024-07-17,103.96,Transport,Uber,UPI,2024-07,Wednesday,29,7
2024-06-16,233.51,Food,Mess_Canteen,Cash,2024-06,Sunday,24,6
2024-08-20,188.59,Food,Local_Dhaba,Cash,2024-08,Tuesday,34,8
2024-09-07,80.17,Transport,Uber,UPI,2024-09,Saturday,36,9
2024-09-22,108.26,Transport,Uber,UPI,2024-09,Sunday,38,9
2024-10-06,53.9,Transport,Uber,UPI,2024-10,Sunday,40,10
2024-07-11,199.24,Food,Local_Dhaba,UPI,2024-07,Thursday,28,7
2024-09-13,195.18,Transport,Rapido,Card,2024-09,Friday,37,9
2024-07-31,119.53,Food,CCD,UPI,2024-07,Wednesday,31,7
2024-10-04,445.71,Utilities,Jio_Recharge,Cash,2024-10,Friday,40,10
2024-10-09,808.46,Utilities,PG_Rent,UPI,2024-10,Wednesday,41,10
2024-11-13,97.54,Transport,BMTC_Pass,Cash,2024-11,Wednesday,46,11
2024-08-13,709.87,Utilities,EB_Bill,Cash,2024-08,Tuesday,33,8
2024-07-04,298.33,Entertainment,Netflix,Card,2024-07,Thursday,27,7
2024-07-16,320.32,Education,Xerox_Shop,Cash,2024-07,Tuesday,29,7
2024-08-15,508.74,Entertainment,BookMyShow,UPI,2024-08,Thursday,33,8
2024-09-19,128.06,Food,Mess_Canteen,UPI,2024-09,Thursday,38,9
2024-11-12,158.61,Transport,Rapido,Cash,2024-11,Tuesday,46,11
2024-07-12,187.22,Food,CCD,UPI,2024-07,Friday,28,7
2024-09-20,77.11,Transport,BMTC_Pass,UPI,2024-09,Friday,38,9
2024-08-24,444.66,Entertainment,Netflix,Cash,2024-08,Saturday,34,8
2024-10-27,188.15,Food,Swiggy,UPI,2024-10,Sunday,43,10
2024-11-19,183.81,Food,Zomato,Card,2024-11,Tuesday,47,11
2024-10-14,128.06,Transport,Uber,UPI,2024-10,Monday,42,10
2024-10-20,645.74,Education,Udemy,Cash,2024-10,Sunday,42,10
2024-08-20,253.41,Entertainment,PVR_Cinemas,UPI,2024-08,Tuesday,34,8
2024-11-25,634.24,Miscellaneous,Xerox_Shop,UPI,2024-11,Monday,48,11
2024-09-14,257.83,Food,Zomato,UPI,2024-09,Saturday,37,9
2024-10-24,162.02,Food,Subway,Cash,2024-10,Thursday,43,10
2024-06-24,331.3,Education,Books_Store,Cash,2024-06,Monday,26,6
2024-08-03,665.99,Utilities,Jio_Recharge,UPI,2024-08,Saturday,31,8
2024-07-31,411.25,Entertainment,Steam,UPI,2024-07,Wednesday,31,7
2024-11-03,536.57,Education,Coursera,UPI,2024-11,Sunday,44,11
2024-09-15,727.5,Utilities,Laundry,UPI,2024-09,Sunday,37,9
2024-08-09,144.85,Food,CCD,UPI,2024-08,Friday,32,8
2024-09-16,192.11,Food,Subway,UPI,2024-09,Monday,38,9
2024-10-01,589.27,Education,Xerox_Shop,Card,2024-10,Tuesday,40,10
2024-06-29,572.37,Education,Udemy,Cash,2024-06,Saturday,26,6
2024-10-29,611.57,Utilities,EB_Bill,Cash,2024-10,Tuesday,44,10
2024-08-25,642.41,Utilities,Jio_Recharge,UPI,2024-08,Sunday,34,8
2024-11-18,234.43,Food,Dominos,Cash,2024-11,Monday,47,11
2024-08-05,120.78,Food,CCD,UPI,2024-08,Monday,32,8
2024-09-28,240.0,Food,CCD,Cash,2024-09,Saturday,39,9
2024-07-06,131.58,Transport,BMTC_Pass,UPI,2024-07,Saturday,27,7
2024-10-03,582.06,Education,Udemy,Cash,2024-10,Thursday,40,10
2024-09-19,102.57,Transport,Namma_Metro,UPI,2024-09,Thursday,38,9
2024-10-16,148.48,Transport,Uber,Cash,2024-10,Wednesday,42,10
2024-06-03,138.79,Transport,Ola,Card,2024-06,Monday,23,6
2024-07-28,116.24,Entertainment,Steam,UPI,2024-07,Sunday,30,7
2024-08-16,99.23,Transport,Rapido,UPI,2024-08,Friday,33,8
2024-09-01,155.55,Food,Subway,Card,2024-09,Sunday,35,9
2024-09-13,373.04,Utilities,Airtel,UPI,2024-09,Friday,37,9
2024-08-14,120.63,Food,Mess_Canteen,UPI,2024-08,Wednesday,33,8
2024-06-24,121.96,Food,Subway,Cash,2024-06,Monday,26,6
2024-09-12,370.94,Education,Books_Store,UPI,2024-09,Thursday,37,9
2024-09-26,169.21,Transport,BMTC_Pass,UPI,2024-09,Thursday,39,9
2024-08-22,249.22,Entertainment,Spotify,UPI,2024-08,Thursday,34,8
2024-07-08,159.8,Transport,Namma_Metro,Card,2024-07,Monday,28,7
2024-09-26,603.52,Education,Udemy,Cash,2024-09,Thursday,39,9
2024-11-21,114.14,Food,Local_Dhaba,Card,2024-11,Thursday,47,11
2024-06-30,304.37,Entertainment,Netflix,UPI,2024-06,Sunday,26,6
2024-11-16,536.73,Miscellaneous,Airtel,Card,2024-11,Saturday,46,11
2024-08-10,386.86,Education,Xerox_Shop,UPI,2024-08,Saturday,32,8
2024-08-02,491.36,Education,College_Fee,Cash,2024-08,Friday,31,8
2024-11-09,124.4,Transport,Uber,Card,2024-11,Saturday,45,11
2024-09-01,174.03,Transport,Ola,UPI,2024-09,Sunday,35,9
2024-06-04,474.93,Education,Coursera,UPI,2024-06,Tuesday,23,6
2024-08-04,187.18,Food,Subway,Cash,2024-08,Sunday,31,8
2024-11-02,260.84,Education,Coursera,UPI,2024-11,Saturday,44,11
2024-08-09,126.78,Food,Zomato,Cash,2024-08,Friday,32,8
2024-07-19,153.04,Transport,BMTC_Pass,UPI,2024-07,Friday,29,7
2024-11-24,306.84,Entertainment,Steam,UPI,2024-11,Sunday,47,11
2024-08-03,162.35,Food,CCD,Card,2024-08,Saturday,31,8
2024-11-01,241.37,Entertainment,PVR_Cinemas,UPI,2024-11,Friday,44,11
2024-09-28,211.53,Food,CCD,UPI,2024-09,Saturday,39,9
2024-10-16,211.91,Food,Subway,UPI,2024-10,Wednesday,42,10
2024-08-02,606.16,Education,Xerox_Shop,Cash,2024-08,Friday,31,8
2024-08-05,556.99,Utilities,Airtel,Cash,2024-08,Monday,32,8
2024-11-18,107.71,Food,Local_Dhaba,UPI,2024-11,Monday,47,11
2024-09-13,114.8,Transport,Uber,UPI,2024-09,Friday,37,9
2024-10-28,160.44,Food,Swiggy,Cash,2024-10,Monday,44,10
2024-11-26,293.56,Entertainment,BookMyShow,UPI,2024-11,Tuesday,48,11
2024-11-18,462.61,Utilities,Airtel,UPI,2024-11,Monday,47,11
2024-08-04,116.44,Transport,BMTC_Pass,Card,2024-08,Sunday,31,8
2024-11-20,125.35,Transport,Rapido,UPI,2024-11,Wednesday,47,11
2024-11-20,496.23,Utilities,PG_Rent,UPI,2024-11,Wednesday,47,11
2024-11-16,263.38,Food,Dominos,UPI,2024-11,Saturday,46,11
2024-08-08,52.1528,Transport,Rapido,UPI,2024-08,Thursday,32,8
2024-10-11,184.15,Food,Zomato,UPI,2024-10,Friday,41,10
2024-11-13,326.03,Entertainment,BookMyShow,Cash,2024-11,Wednesday,46,11
2024-06-28,316.64,Entertainment,BookMyShow,UPI,2024-06,Friday,26,6
2024-09-02,137.09,Transport,Uber,Cash,2024-09,Monday,36,9
2024-11-26,155.28,Food,Zomato,UPI,2024-11,Tuesday,48,11
2024-07-01,320.14,Entertainment,BookMyShow,Card,2024-07,Monday,27,7
2024-10-17,503.15,Education,Books_Store,UPI,2024-10,Thursday,42,10
2024-10-18,139.53,Transport,Ola,Card,2024-10,Friday,42,10
2024-10-23,469.3,Entertainment,Spotify,Cash,2024-10,Wednesday,43,10
2024-09-01,265.62,Food,CCD,UPI,2024-09,Sunday,35,9
2024-10-06,238.6,Food,Subway,Card,2024-10,Sunday,40,10
2024-07-04,327.79,Entertainment,Netflix,UPI,2024-07,Thursday,27,7
2024-07-08,219.39,Food,Mess_Canteen,UPI,2024-07,Monday,28,7
2024-06-30,655.99,Education,Udemy,Cash,2024-06,Sunday,26,6
2024-06-04,197.88,Transport,Rapido,UPI,2024-06,Tuesday,23,6
2024-10-03,133.13,Food,Subway,Card,2024-10,Thursday,40,10
2024-11-13,216.51,Food,Subway,UPI,2024-11,Wednesday,46,11
2024-11-20,346.58,Education,Coursera,Card,2024-11,Wednesday,47,11
2024-07-20,184.6,Transport,BMTC_Pass,Cash,2024-07,Saturday,29,7
2024-07-27,185.65,Utilities,Jio_Recharge,UPI,2024-07,Saturday,30,7
2024-06-11,113.0,Food,Local_Dhaba,Cash,2024-06,Tuesday,24,6
2024-07-09,726.21,Utilities,EB_Bill,UPI,2024-07,Tuesday,28,7
2024-09-22,252.2,Food,CCD,Cash,2024-09,Sunday,38,9
2024-10-01,441.97,Entertainment,PVR_Cinemas,UPI,2024-10,Tuesday,40,10
2024-09-30,147.68,Entertainment,BookMyShow,UPI,2024-09,Monday,40,9
2024-08-16,225.55,Entertainment,BookMyShow,UPI,2024-08,Friday,33,8
2024-09-22,719.18,Utilities,Jio_Recharge,UPI,2024-09,Sunday,38,9
2024-07-17,249.47,Food,Local_Dhaba,UPI,2024-07,Wednesday,29,7
2024-10-29,142.48,Food,Swiggy,UPI,2024-10,Tuesday,44,10
2024-11-23,287.25,Education,Xerox_Shop,Cash,2024-11,Saturday,47,11
2024-06-06,177.61,Food,Swiggy,Card,2024-06,Thursday,23,6
2024-09-08,457.7,Entertainment,Spotify,Card,2024-09,Sunday,36,9
2024-08-23,125.41,Transport,Uber,Cash,2024-08,Friday,34,8
2024-06-21,142.02,Transport,BMTC_Pass,Card,2024-06,Friday,25,6
2024-07-02,866.86,Education,College_Fee,UPI,2024-07,Tuesday,27,7
2024-08-26,263.89,Utilities,Laundry,UPI,2024-08,Monday,35,8
2024-11-13,750.11,Utilities,Airtel,UPI,2024-11,Wednesday,46,11
2024-11-09,571.85,Education,Udemy,UPI,2024-11,Saturday,45,11
2024-10-04,94.8,Transport,Namma_Metro,Cash,2024-10,Friday,40,10
2024-06-30,214.55,Entertainment,BookMyShow,Cash,2024-06,Sunday,26,6
2024-10-31,362.2,Education,Coursera,Card,2024-10,Thursday,44,10
2024-11-13,106.21,Food,Mess_Canteen,Card,2024-11,Wednesday,46,11
2024-09-13,142.22,Food,Dominos,UPI,2024-09,Friday,37,9
2024-08-22,712.62,Utilities,Jio_Recharge,Cash,2024-08,Thursday,34,8
2024-09-01,329.81,Entertainment,PVR_Cinemas,UPI,2024-09,Sunday,35,9
2024-11-07,439.82,Education,Books_Store,Card,2024-11,Thursday,45,11
2024-10-08,87.98,Transport,Rapido,Cash,2024-10,Tuesday,41,10
2024-07-28,194.31,Food,Local_Dhaba,UPI,2024-07,Sunday,30,7
2024-11-26,204.81,Entertainment,Spotify,UPI,2024-11,Tuesday,48,11
2024-08-23,300.46,Entertainment,PVR_Cinemas,UPI,2024-08,Friday,34,8
2024-06-18,92.38,Transport,Uber,UPI,2024-06,Tuesday,25,6
2024-09-19,271.17,Entertainment,PVR_Cinemas,Cash,2024-09,Thursday,38,9
2024-06-10,160.08,Food,Subway,UPI,2024-06,Monday,24,6
2024-06-24,153.09,Food,Subway,UPI,2024-06,Monday,26,6
2024-10-26,113.39,Entertainment,PVR_Cinemas,Card,2024-10,Saturday,43,10
2024-10-02,61.1,Food,CCD,Cash,2024-10,Wednesday,40,10
2024-06-01,599.43,Education,Books_Store,Card,2024-06,Saturday,22,6
2024-08-01,685.18,Utilities,Airtel,UPI,2024-08,Thursday,31,8
2024-07-18,263.71,Food,CCD,Cash,2024-07,Thursday,29,7
2024-10-04,146.87,Transport,BMTC_Pass,UPI,2024-10,Friday,40,10
2024-07-10,172.68,Food,Mess_Canteen,UPI,2024-07,Wednesday,28,7
2024-09-03,527.5,Education,Books_Store,UPI,2024-09,Tuesday,36,9
2024-09-10,509.03,Education,College_Fee,UPI,2024-09,Tuesday,37,9
2024-08-20,108.83,Transport,BMTC_Pass,Cash,2024-08,Tuesday,34,8
2024-11-09,731.88,Utilities,PG_Rent,Cash,2024-11,Saturday,45,11
2024-08-07,208.04,Food,Mess_Canteen,UPI,2024-08,Wednesday,32,8
2024-10-30,657.35,Education,Udemy,UPI,2024-10,Wednesday,44,10
2024-10-10,1645.0750000000016,Food,Swiggy,Cash,2024-10,Thursday,41,10
2024-07-03,369.68,Utilities,Laundry,Cash,2024-07,Wednesday,27,7
2024-11-27,122.48,Food,CCD,Cash,2024-11,Wednesday,48,11
2024-09-25,457.9,Miscellaneous,College_Fee,UPI,2024-09,Wednesday,39,9
2024-09-21,582.85,Utilities,Jio_Recharge,UPI,2024-09,Saturday,38,9
2024-10-17,100.31,Transport,Namma_Metro,UPI,2024-10,Thursday,42,10
2024-07-21,181.36,Food,Mess_Canteen,Card,2024-07,Sunday,29,7
2024-09-20,128.0,Transport,BMTC_Pass,Card,2024-09,Friday,38,9
2024-06-25,490.99,Entertainment,Netflix,UPI,2024-06,Tuesday,26,6
2024-06-28,116.9,Food,Subway,UPI,2024-06,Friday,26,6
2024-11-10,337.84,Education,Xerox_Shop,Cash,2024-11,Sunday,45,11
2024-09-10,126.13,Transport,Ola,UPI,2024-09,Tuesday,37,9
2024-09-16,301.03,Utilities,EB_Bill,UPI,2024-09,Monday,38,9
2024-11-22,180.14,Food,Subway,Cash,2024-11,Friday,47,11
2024-09-06,159.29,Transport,Rapido,UPI,2024-09,Friday,36,9
2024-08-13,172.86,Food,Subway,Card,2024-08,Tuesday,33,8
2024-07-02,162.86,Transport,Rapido,UPI,2024-07,Tuesday,27,7
2024-07-02,122.05,Transport,Namma_Metro,Cash,2024-07,Tuesday,27,7
2024-07-06,294.21,Education,Udemy,UPI,2024-07,Saturday,27,7
2024-10-15,315.99,Entertainment,Spotify,UPI,2024-10,Tuesday,42,10
2024-10-04,106.85,Transport,Rapido,Card,2024-10,Friday,40,10
2024-06-13,118.0,Transport,Ola,UPI,2024-06,Thursday,24,6
2024-10-26,162.91,Entertainment,PVR_Cinemas,UPI,2024-10,Saturday,43,10
2024-11-11,104.46,Food,Zomato,UPI,2024-11,Monday,46,11
2024-08-08,276.84,Entertainment,Steam,UPI,2024-08,Thursday,32,8
2024-09-17,207.5,Food,Subway,Cash,2024-09,Tuesday,38,9
2024-06-28,159.35,Food,Mess_Canteen,Cash,2024-06,Friday,26,6
2024-06-26,624.58,Utilities,PG_Rent,Card,2024-06,Wednesday,26,6
2024-11-27,86.4,Transport,Namma_Metro,Card,2024-11,Wednesday,48,11
2024-09-15,182.5,Food,Subway,Card,2024-09,Sunday,37,9
2024-09-07,200.86,Food,Local_Dhaba,Card,2024-09,Saturday,36,9
2024-08-07,717.67,Education,Coursera,UPI,2024-08,Wednesday,32,8
2024-08-07,101.96,Food,Dominos,Cash,2024-08,Wednesday,32,8
2024-09-23,150.46,Food,Swiggy,UPI,2024-09,Monday,39,9
2024-10-06,119.05,Transport,Ola,UPI,2024-10,Sunday,40,10
2024-10-04,621.65,Utilities,Laundry,UPI,2024-10,Friday,40,10
2024-08-12,52.1528,Transport,BMTC_Pass,UPI,2024-08,Monday,33,8
2024-06-07,126.55,Transport,Namma_Metro,UPI,2024-06,Friday,23,6
2024-06-19,250.33,Entertainment,BookMyShow,UPI,2024-06,Wednesday,25,6
2024-08-14,422.06,Entertainment,PVR_Cinemas,UPI,2024-08,Wednesday,33,8
2024-08-13,329.78,Entertainment,Spotify,Card,2024-08,Tuesday,33,8
2024-08-11,491.96,Utilities,PG_Rent,Cash,2024-08,Sunday,32,8
2024-08-15,212.56,Food,Subway,UPI,2024-08,Thursday,33,8
2024-08-08,115.96,Transport,Ola,UPI,2024-08,Thursday,32,8
2024-06-20,118.74,Transport,Rapido,UPI,2024-06,Thursday,25,6
2024-08-30,334.97,Entertainment,Netflix,Card,2024-08,Friday,35,8
2024-08-17,1645.0750000000016,Food,Subway,UPI,2024-08,Saturday,33,8
2024-08-24,229.27,Education,Books_Store,Card,2024-08,Saturday,34,8
2024-07-04,383.95,Utilities,Airtel,Cash,2024-07,Thursday,27,7
2024-09-21,515.63,Education,Books_Store,Card,2024-09,Saturday,38,9
2024-07-26,623.81,Education,Xerox_Shop,UPI,2024-07,Friday,30,7
2024-07-01,424.69,Education,Xerox_Shop,UPI,2024-07,Monday,27,7
2024-07-31,252.28,Entertainment,Netflix,Cash,2024-07,Wednesday,31,7
2024-09-08,174.14,Transport,BMTC_Pass,UPI,2024-09,Sunday,36,9
2024-07-08,201.74,Transport,BMTC_Pass,UPI,2024-07,Monday,28,7
2024-09-06,194.69,Entertainment,BookMyShow,UPI,2024-09,Friday,36,9
2024-07-10,210.92,Food,Local_Dhaba,Cash,2024-07,Wednesday,28,7
2024-06-18,438.49,Utilities,PG_Rent,Cash,2024-06,Tuesday,25,6
2024-07-28,467.98,Education,College_Fee,Cash,2024-07,Sunday,30,7
2024-07-04,73.31,Transport,Uber,Cash,2024-07,Thursday,27,7
2024-09-17,122.42,Food,Zomato,UPI,2024-09,Tuesday,38,9
2024-11-03,169.09,Food,Zomato,UPI,2024-11,Sunday,44,11
2024-08-04,482.76,Utilities,Laundry,Card,2024-08,Sunday,31,8
2024-10-31,597.8,Utilities,Airtel,Cash,2024-10,Thursday,44,10
2024-11-06,92.39,Food,Mess_Canteen,Cash,2024-11,Wednesday,45,11
2024-11-20,147.32,Food,Mess_Canteen,Cash,2024-11,Wednesday,47,11
2024-08-26,210.93,Entertainment,BookMyShow,UPI,2024-08,Monday,35,8
2024-10-25,361.84,Utilities,Jio_Recharge,UPI,2024-10,Friday,43,10
2024-08-30,153.92,Food,Subway,UPI,2024-08,Friday,35,8
2024-07-30,390.32,Entertainment,Spotify,UPI,2024-07,Tuesday,31,7
2024-07-20,623.07,Education,Xerox_Shop,UPI,2024-07,Saturday,29,7
2024-09-02,734.7,Education,Udemy,UPI,2024-09,Monday,36,9
2024-08-17,173.06,Food,CCD,Card,2024-08,Saturday,33,8
2024-06-12,133.27,Transport,Namma_Metro,UPI,2024-06,Wednesday,24,6
2024-10-23,137.54,Food,Dominos,UPI,2024-10,Wednesday,43,10
2024-09-29,765.3,Utilities,Jio_Recharge,Cash,2024-09,Sunday,39,9
2024-09-18,191.97,Food,Local_Dhaba,Card,2024-09,Wednesday,38,9
2024-06-16,290.71,Food,CCD,Card,2024-06,Sunday,24,6
2024-07-23,133.75,Transport,Namma_Metro,Card,2024-07,Tuesday,30,7
2024-06-26,138.63,Food,Dominos,Cash,2024-06,Wednesday,26,6
2024-06-24,106.03,Transport,Uber,UPI,2024-06,Monday,26,6
2024-11-03,186.34,Food,Swiggy,UPI,2024-11,Sunday,44,11
2024-10-17,150.83,Food,Subway,UPI,2024-10,Thursday,42,10
2024-11-22,193.37,Food,Zomato,UPI,2024-11,Friday,47,11
2024-08-09,94.73,Transport,Uber,Card,2024-08,Friday,32,8
2024-06-24,157.71,Food,Swiggy,UPI,2024-06,Monday,26,6
2024-11-07,312.33,Miscellaneous,Xerox_Shop,UPI,2024-11,Thursday,45,11
2024-11-01,78.85,Transport,Ola,UPI,2024-11,Friday,44,11
2024-06-21,85.14,Transport,Uber,UPI,2024-06,Friday,25,6
2024-11-14,640.74,Education,Xerox_Shop,UPI,2024-11,Thursday,46,11
2024-10-20,251.72,Food,Swiggy,Cash,2024-10,Sunday,42,10
2024-11-19,153.7,Food,Swiggy,Card,2024-11,Tuesday,47,11
2024-07-12,52.1528,Transport,Uber,Card,2024-07,Friday,28,7
2024-08-01,476.01,Education,Coursera,Cash,2024-08,Thursday,31,8
2024-10-29,168.86,Food,Subway,UPI,2024-10,Tuesday,44,10
2024-10-31,124.63,Food,CCD,UPI,2024-10,Thursday,44,10
2024-09-28,224.69,Food,Zomato,Card,2024-09,Saturday,39,9
2024-06-09,104.86,Transport,Uber,Card,2024-06,Sunday,23,6
2024-06-12,330.93,Entertainment,Spotify,UPI,2024-06,Wednesday,24,6
2024-07-09,490.14,Education,College_Fee,Cash,2024-07,Tuesday,28,7
2024-09-10,989.7,Utilities,Jio_Recharge,Cash,2024-09,Tuesday,37,9
2024-10-13,92.86,Transport,Namma_Metro,Cash,2024-10,Sunday,41,10
2024-06-11,580.48,Miscellaneous,Xerox_Shop,UPI,2024-06,Tuesday,24,6
2024-08-15,125.0,Food,Subway,UPI,2024-08,Thursday,33,8
2024-08-17,339.36,Utilities,Jio_Recharge,Card,2024-08,Saturday,33,8
2024-09-04,541.5,Education,Udemy,Card,2024-09,Wednesday,36,9
2024-10-03,153.3,Food,Mess_Canteen,Card,2024-10,Thursday,40,10
2024-06-01,735.97,Utilities,Airtel,UPI,2024-06,Saturday,22,6
2024-11-01,908.03,Miscellaneous,Xerox_Shop,UPI,2024-11,Friday,44,11
2024-10-14,195.33,Transport,Rapido,UPI,2024-10,Monday,42,10
2024-09-23,121.3,Food,CCD,UPI,2024-09,Monday,39,9
2024-06-26,75.22,Transport,Ola,Cash,2024-06,Wednesday,26,6
2024-11-10,254.84,Entertainment,PVR_Cinemas,Card,2024-11,Sunday,45,11
2024-11-14,110.18,Food,Mess_Canteen,Card,2024-11,Thursday,46,11
2024-11-09,499.39,Utilities,EB_Bill,UPI,2024-11,Saturday,45,11
2024-11-08,175.8,Transport,Rapido,UPI,2024-11,Friday,45,11
2024-10-20,551.97,Education,Udemy,Card,2024-10,Sunday,42,10
2024-10-11,176.66,Transport,Ola,UPI,2024-10,Friday,41,10
2024-08-13,121.76,Transport,Namma_Metro,UPI,2024-08,Tuesday,33,8
2024-06-15,329.17,Entertainment,Spotify,Cash,2024-06,Saturday,24,6
2024-07-25,736.94,Education,Udemy,Cash,2024-07,Thursday,30,7
2024-06-02,466.71,Entertainment,BookMyShow,Card,2024-06,Sunday,22,6
2024-07-14,131.63,Entertainment,Steam,UPI,2024-07,Sunday,28,7
2024-06-18,545.4,Education,College_Fee,Card,2024-06,Tuesday,25,6
2024-07-20,786.76,Utilities,Laundry,UPI,2024-07,Saturday,29,7
2024-08-09,117.46,Transport,BMTC_Pass,Cash,2024-08,Friday,32,8
2024-11-27,197.23,Food,Dominos,Card,2024-11,Wednesday,48,11
2024-09-08,823.6,Education,Xerox_Shop,Cash,2024-09,Sunday,36,9
2024-08-16,109.38,Transport,Namma_Metro,UPI,2024-08,Friday,33,8
2024-11-07,1645.0750000000016,Food,Mess_Canteen,UPI,2024-11,Thursday,45,11
2024-09-17,149.61,Transport,Namma_Metro,UPI,2024-09,Tuesday,38,9
2024-11-04,266.09,Food,Local_Dhaba,UPI,2024-11,Monday,45,11
2024-06-02,235.62,Entertainment,Spotify,Cash,2024-06,Sunday,22,6
2024-06-18,141.65,Food,Local_Dhaba,Cash,2024-06,Tuesday,25,6
2024-07-08,137.68,Transport,Ola,UPI,2024-07,Monday,28,7
2024-10-09,88.9,Transport,Uber,Cash,2024-10,Wednesday,41,10
2024-11-20,89.97,Food,Subway,Cash,2024-11,Wednesday,47,11
2024-11-17,133.69,Transport,Uber,Card,2024-11,Sunday,46,11
2024-10-18,154.99,Food,Swiggy,UPI,2024-10,Friday,42,10
2024-11-12,208.68,Transport,BMTC_Pass,UPI,2024-11,Tuesday,46,11
2024-07-25,170.55,Food,Mess_Canteen,Cash,2024-07,Thursday,30,7
2024-07-30,277.62,Entertainment,Steam,Cash,2024-07,Tuesday,31,7
2024-06-27,126.88,Food,Dominos,UPI,2024-06,Thursday,26,6
2024-07-05,128.04,Food,Zomato,UPI,2024-07,Friday,27,7
2024-11-15,52.1528,Education,Books_Store,UPI,2024-11,Friday,46,11
2024-11-14,699.01,Utilities,Laundry,UPI,2024-11,Thursday,46,11
2024-09-02,174.45,Food,Dominos,UPI,2024-09,Monday,36,9
2024-11-22,332.14,Entertainment,Spotify,UPI,2024-11,Friday,47,11
2024-06-19,741.44,Utilities,Laundry,UPI,2024-06,Wednesday,25,6
2024-06-28,147.33,Transport,Ola,UPI,2024-06,Friday,26,6
2024-07-03,175.38,Food,CCD,UPI,2024-07,Wednesday,27,7
2024-08-19,496.39,Utilities,Jio_Recharge,UPI,2024-08,Monday,34,8
2024-09-26,130.31,Food,Dominos,UPI,2024-09,Thursday,39,9
2024-11-07,156.87,Transport,Namma_Metro,UPI,2024-11,Thursday,45,11
2024-09-27,595.09,Utilities,Jio_Recharge,UPI,2024-09,Friday,39,9
2024-08-11,665.05,Utilities,Airtel,Cash,2024-08,Sunday,32,8
2024-11-06,169.11,Transport,Uber,UPI,2024-11,Wednesday,45,11
2024-10-28,141.13,Transport,Rapido,UPI,2024-10,Monday,44,10
2024-08-24,129.38,Transport,Namma_Metro,UPI,2024-08,Saturday,34,8
2024-06-01,741.68,Utilities,Airtel,UPI,2024-06,Saturday,22,6
2024-11-17,411.26,Education,Books_Store,Cash,2024-11,Sunday,46,11
2024-09-26,577.9,Education,Xerox_Shop,UPI,2024-09,Thursday,39,9
2024-10-31,425.94,Entertainment,Spotify,Cash,2024-10,Thursday,44,10
2024-10-20,153.58,Food,Subway,UPI,2024-10,Sunday,42,10
2024-10-06,197.31,Food,Local_Dhaba,Cash,2024-10,Sunday,40,10
2024-06-01,294.04,Food,Mess_Canteen,UPI,2024-06,Saturday,22,6
2024-10-04,135.47,Transport,Rapido,UPI,2024-10,Friday,40,10
2024-09-06,167.96,Food,Swiggy,UPI,2024-09,Friday,36,9
2024-06-24,287.44,Entertainment,BookMyShow,UPI,2024-06,Monday,26,6
2024-06-07,719.85,Education,Xerox_Shop,Card,2024-06,Friday,23,6
2024-08-23,162.55,Food,Subway,UPI,2024-08,Friday,34,8
2024-06-21,604.43,Education,College_Fee,Cash,2024-06,Friday,25,6
2024-08-13,675.91,Education,Coursera,Cash,2024-08,Tuesday,33,8
2024-06-30,265.24,Food,Dominos,Card,2024-06,Sunday,26,6
2024-10-19,161.57,Food,Dominos,UPI,2024-10,Saturday,42,10
2024-08-10,265.81,Food,CCD,UPI,2024-08,Saturday,32,8
2024-07-27,415.06,Education,Books_Store,Cash,2024-07,Saturday,30,7
2024-08-24,241.53,Food,Subway,UPI,2024-08,Saturday,34,8
2024-07-03,506.97,Education,College_Fee,Cash,2024-07,Wednesday,27,7
2024-11-22,540.11,Education,College_Fee,Card,2024-11,Friday,47,11
2024-07-30,551.6,Utilities,Jio_Recharge,Card,2024-07,Tuesday,31,7
2024-11-19,91.47,Transport,Namma_Metro,UPI,2024-11,Tuesday,47,11
2024-06-27,124.69,Food,Subway,UPI,2024-06,Thursday,26,6
2024-06-19,89.18,Transport,Uber,UPI,2024-06,Wednesday,25,6
2024-08-20,96.58,Transport,BMTC_Pass,UPI,2024-08,Tuesday,34,8
2024-09-21,750.35,Miscellaneous,College_Fee,UPI,2024-09,Saturday,38,9
2024-09-17,149.61,Transport,Namma_Metro,UPI,2024-09,Tuesday,38,9
2024-10-15,131.84,Transport,Namma_Metro,Cash,2024-10,Tuesday,42,10
2024-07-16,212.2,Food,Mess_Canteen,UPI,2024-07,Tuesday,29,7
2024-09-17,170.79,Food,Dominos,Card,2024-09,Tuesday,38,9
2024-09-27,83.15,Food,Local_Dhaba,UPI,2024-09,Friday,39,9
2024-09-25,154.18,Transport,Uber,UPI,2024-09,Wednesday,39,9
2024-09-27,510.47,Education,College_Fee,UPI,2024-09,Friday,39,9
2024-10-13,705.11,Utilities,EB_Bill,UPI,2024-10,Sunday,41,10
2024-06-09,212.59,Food,Dominos,UPI,2024-06,Sunday,23,6
2024-11-11,534.31,Utilities,EB_Bill,Cash,2024-11,Monday,46,11
2024-07-06,932.81,Utilities,Airtel,Cash,2024-07,Saturday,27,7
2024-06-01,285.62,Food,Subway,Cash,2024-06,Saturday,22,6
2024-07-11,140.06,Food,Subway,UPI,2024-07,Thursday,28,7
2024-11-16,315.86,Education,Coursera,Cash,2024-11,Saturday,46,11
2024-06-16,235.84,Entertainment,Steam,Cash,2024-06,Sunday,24,6
2024-11-19,402.2,Entertainment,Spotify,Card,2024-11,Tuesday,47,11
2024-10-27,204.43,Food,Subway,UPI,2024-10,Sunday,43,10
2024-08-02,458.89,Entertainment,Steam,Cash,2024-08,Friday,31,8
2024-11-25,171.14,Transport,Namma_Metro,UPI,2024-11,Monday,48,11
2024-07-03,167.34,Food,Subway,UPI,2024-07,Wednesday,27,7
2024-10-28,217.61,Food,Mess_Canteen,UPI,2024-10,Monday,44,10
2024-09-06,91.07,Transport,Ola,UPI,2024-09,Friday,36,9
2024-09-11,107.0,Food,Subway,UPI,2024-09,Wednesday,37,9
2024-06-18,375.77,Utilities,Airtel,Card,2024-06,Tuesday,25,6
2024-07-26,174.15,Food,Dominos,UPI,2024-07,Friday,30,7
2024-06-12,218.32,Entertainment,PVR_Cinemas,UPI,2024-06,Wednesday,24,6
2024-06-11,146.65,Food,CCD,Cash,2024-06,Tuesday,24,6
2024-07-25,199.65,Food,Swiggy,UPI,2024-07,Thursday,30,7
2024-08-02,200.71,Entertainment,Netflix,UPI,2024-08,Friday,31,8
2024-10-31,183.07,Food,Mess_Canteen,Card,2024-10,Thursday,44,10
2024-09-04,174.37,Food,Local_Dhaba,Card,2024-09,Wednesday,36,9
2024-08-01,158.84,Food,Local_Dhaba,Cash,2024-08,Thursday,31,8
2024-10-17,440.54,Entertainment,PVR_Cinemas,Card,2024-10,Thursday,42,10
2024-06-17,247.75,Entertainment,Netflix,Cash,2024-06,Monday,25,6
2024-10-01,158.73,Food,Subway,UPI,2024-10,Tuesday,40,10
2024-07-20,191.44,Food,Local_Dhaba,Cash,2024-07,Saturday,29,7
2024-09-13,211.03,Entertainment,PVR_Cinemas,Card,2024-09,Friday,37,9
2024-09-30,159.13,Food,Subway,UPI,2024-09,Monday,40,9
2024-06-21,259.81,Entertainment,Spotify,UPI,2024-06,Friday,25,6
2024-06-28,520.79,Utilities,EB_Bill,Cash,2024-06,Friday,26,6
2024-08-07,185.93,Transport,Rapido,UPI,2024-08,Wednesday,32,8
2024-09-29,1032.61,Miscellaneous,Airtel,Card,2024-09,Sunday,39,9
2024-09-21,182.49,Transport,Rapido,UPI,2024-09,Saturday,38,9
2024-11-18,214.87,Food,CCD,UPI,2024-11,Monday,47,11
2024-06-27,184.53,Food,Mess_Canteen,Cash,2024-06,Thursday,26,6
2024-07-15,557.17,Education,Udemy,UPI,2024-07,Monday,29,7
2024-09-27,514.56,Education,Xerox_Shop,UPI,2024-09,Friday,39,9
2024-06-17,1016.64,Utilities,PG_Rent,UPI,2024-06,Monday,25,6
2024-07-03,440.91,Utilities,Laundry,Card,2024-07,Wednesday,27,7
2024-08-13,1526.8000000000002,Food,Local_Dhaba,Cash,2024-08,Tuesday,33,8
2024-10-28,178.62,Transport,Rapido,Card,2024-10,Monday,44,10
2024-11-24,623.06,Utilities,Airtel,UPI,2024-11,Sunday,47,11
2024-11-04,624.55,Education,Coursera,UPI,2024-11,Monday,45,11
2024-08-20,218.97,Food,Mess_Canteen,UPI,2024-08,Tuesday,34,8
2024-06-16,253.48,Food,Zomato,UPI,2024-06,Sunday,24,6
2024-06-28,638.93,Education,Xerox_Shop,UPI,2024-06,Friday,26,6
2024-08-15,107.73,Food,CCD,UPI,2024-08,Thursday,33,8
2024-07-15,1009.7,Transport,Namma_Metro,Card,2024-07,Monday,29,7
2024-11-25,119.78,Food,Subway,UPI,2024-11,Monday,48,11
2024-11-23,593.27,Education,Coursera,UPI,2024-11,Saturday,47,11
2024-09-06,186.58,Food,Local_Dhaba,UPI,2024-09,Friday,36,9
2024-08-07,87.26,Transport,Namma_Metro,UPI,2024-08,Wednesday,32,8
2024-11-21,265.2,Food,Local_Dhaba,Cash,2024-11,Thursday,47,11
2024-10-23,181.86,Food,Dominos,UPI,2024-10,Wednesday,43,10
2024-10-12,242.26,Food,Swiggy,Cash,2024-10,Saturday,41,10
2024-09-26,565.38,Utilities,PG_Rent,Card,2024-09,Thursday,39,9
2024-06-11,73.38,Food,Swiggy,UPI,2024-06,Tuesday,24,6
2024-09-02,113.27,Transport,Rapido,UPI,2024-09,Monday,36,9
2024-10-31,119.35,Food,Zomato,Card,2024-10,Thursday,44,10
2024-09-11,140.55,Transport,BMTC_Pass,UPI,2024-09,Wednesday,37,9
2024-08-04,577.17,Education,Books_Store,Card,2024-08,Sunday,31,8
2024-11-25,105.79,Food,Mess_Canteen,Cash,2024-11,Monday,48,11
2024-11-26,796.47,Utilities,EB_Bill,UPI,2024-11,Tuesday,48,11
2024-09-07,175.61,Food,Swiggy,UPI,2024-09,Saturday,36,9
2024-09-26,94.92,Food,Mess_Canteen,Cash,2024-09,Thursday,39,9
2024-06-13,1645.0750000000016,Utilities,Airtel,Card,2024-06,Thursday,24,6
2024-06-23,193.21,Food,Subway,Card,2024-06,Sunday,25,6
2024-06-28,168.6,Food,Subway,UPI,2024-06,Friday,26,6
2024-08-01,366.89,Utilities,Airtel,UPI,2024-08,Thursday,31,8
2024-07-04,642.98,Utilities,Airtel,UPI,2024-07,Thursday,27,7
2024-09-22,201.8,Food,Zomato,UPI,2024-09,Sunday,38,9
2024-07-12,1073.83,Utilities,EB_Bill,Card,2024-07,Friday,28,7
2024-08-23,121.71,Transport,Rapido,Card,2024-08,Friday,34,8
2024-11-14,134.7,Transport,Rapido,UPI,2024-11,Thursday,46,11
2024-08-11,127.32,Transport,BMTC_Pass,UPI,2024-08,Sunday,32,8
2024-11-08,679.29,Utilities,Airtel,UPI,2024-11,Friday,45,11
2024-10-24,327.33,Utilities,Airtel,UPI,2024-10,Thursday,43,10
2024-06-20,170.11,Transport,Rapido,UPI,2024-06,Thursday,25,6
2024-07-27,189.4,Food,Swiggy,UPI,2024-07,Saturday,30,7
2024-07-28,328.01,Entertainment,PVR_Cinemas,Card,2024-07,Sunday,30,7
2024-06-22,155.44,Transport,BMTC_Pass,Card,2024-06,Saturday,25,6
2024-09-03,713.93,Utilities,PG_Rent,UPI,2024-09,Tuesday,36,9
2024-09-10,134.83,Food,Subway,UPI,2024-09,Tuesday,37,9
2024-11-18,115.35,Food,Local_Dhaba,Cash,2024-11,Monday,47,11
2024-11-17,345.71,Entertainment,PVR_Cinemas,UPI,2024-11,Sunday,46,11
2024-11-16,272.09,Education,Coursera,Cash,2024-11,Saturday,46,11
2024-06-07,603.83,Utilities,EB_Bill,Card,2024-06,Friday,23,6
2024-07-11,149.39,Food,Local_Dhaba,Cash,2024-07,Thursday,28,7
2024-11-26,166.86,Transport,Namma_Metro,UPI,2024-11,Tuesday,48,11
2024-10-23,320.17,Entertainment,Spotify,UPI,2024-10,Wednesday,43,10
2024-11-19,118.51,Food,Subway,Cash,2024-11,Tuesday,47,11
2024-07-23,619.16,Utilities,EB_Bill,UPI,2024-07,Tuesday,30,7
2024-10-20,302.59,Entertainment,Steam,Cash,2024-10,Sunday,42,10
2024-09-15,221.91,Food,Zomato,UPI,2024-09,Sunday,37,9
2024-08-30,383.33,Education,College_Fee,Card,2024-08,Friday,35,8
2024-11-08,185.25,Transport,Namma_Metro,Card,2024-11,Friday,45,11
2024-10-28,52.1528,Food,Dominos,UPI,2024-10,Monday,44,10
2024-10-17,1645.0750000000016,Entertainment,Netflix,UPI,2024-10,Thursday,42,10
2024-07-19,140.2,Food,CCD,UPI,2024-07,Friday,29,7
2024-09-24,68.49,Transport,Namma_Metro,Card,2024-09,Tuesday,39,9
2024-06-08,222.48,Entertainment,PVR_Cinemas,UPI,2024-06,Saturday,23,6
2024-11-03,176.29,Food,Swiggy,UPI,2024-11,Sunday,44,11
2024-08-15,171.32,Food,CCD,Cash,2024-08,Thursday,33,8
2024-09-01,134.21,Transport,BMTC_Pass,Card,2024-09,Sunday,35,9
2024-09-28,179.01,Food,Subway,Card,2024-09,Saturday,39,9
2024-09-23,180.12,Transport,Namma_Metro,Card,2024-09,Monday,39,9
2024-11-03,116.12,Food,Subway,Cash,2024-11,Sunday,44,11
2024-10-14,115.33,Transport,Uber,Card,2024-10,Monday,42,10
2024-06-10,275.75,Miscellaneous,PVR_Cinemas,Cash,2024-06,Monday,24,6
2024-10-21,208.09,Entertainment,Netflix,Cash,2024-10,Monday,43,10
2024-08-08,570.97,Utilities,Jio_Recharge,UPI,2024-08,Thursday,32,8
2024-09-12,710.87,Utilities,EB_Bill,UPI,2024-09,Thursday,37,9
2024-10-07,173.84,Food,Subway,Cash,2024-10,Monday,41,10
2024-08-11,376.72,Entertainment,Spotify,Cash,2024-08,Sunday,32,8
2024-06-30,129.02,Transport,BMTC_Pass,Cash,2024-06,Sunday,26,6
2024-08-03,265.32,Entertainment,BookMyShow,Cash,2024-08,Saturday,31,8
2024-08-03,127.7,Transport,Rapido,Card,2024-08,Saturday,31,8
2024-08-26,106.91,Transport,Ola,UPI,2024-08,Monday,35,8
2024-06-20,171.84,Transport,BMTC_Pass,UPI,2024-06,Thursday,25,6
2024-10-27,266.53,Food,CCD,Cash,2024-10,Sunday,43,10
2024-09-23,122.97,Food,Dominos,UPI,2024-09,Monday,39,9
2024-09-17,352.02,Utilities,Laundry,UPI,2024-09,Tuesday,38,9
2024-10-22,633.0,Utilities,EB_Bill,UPI,2024-10,Tuesday,43,10
2024-08-16,142.99,Transport,Ola,Cash,2024-08,Friday,33,8
2024-07-03,58.68,Transport,Namma_Metro,UPI,2024-07,Wednesday,27,7
2024-07-30,390.36,Education,Udemy,UPI,2024-07,Tuesday,31,7
2024-09-27,92.27,Food,CCD,UPI,2024-09,Friday,39,9
2024-09-25,153.22,Food,CCD,UPI,2024-09,Wednesday,39,9
2024-10-27,261.87,Food,Mess_Canteen,UPI,2024-10,Sunday,43,10
2024-10-22,457.71,Utilities,Airtel,UPI,2024-10,Tuesday,43,10
2024-09-29,110.1,Transport,Ola,UPI,2024-09,Sunday,39,9
2024-07-05,225.25,Utilities,PG_Rent,UPI,2024-07,Friday,27,7
2024-09-10,83.91,Transport,Rapido,UPI,2024-09,Tuesday,37,9
2024-09-07,835.29,Utilities,PG_Rent,Cash,2024-09,Saturday,36,9
2024-10-04,65.08,Transport,Namma_Metro,UPI,2024-10,Friday,40,10
2024-07-30,390.88,Entertainment,BookMyShow,Cash,2024-07,Tuesday,31,7
2024-09-22,607.84,Education,Coursera,UPI,2024-09,Sunday,38,9
2024-06-09,680.06,Education,Xerox_Shop,UPI,2024-06,Sunday,23,6
2024-08-07,600.55,Utilities,EB_Bill,UPI,2024-08,Wednesday,32,8
2024-09-16,461.75,Education,College_Fee,Card,2024-09,Monday,38,9
2024-09-21,204.16,Food,Subway,Cash,2024-09,Saturday,38,9
2024-08-10,269.78,Entertainment,Steam,UPI,2024-08,Saturday,32,8
2024-07-27,218.38,Food,Dominos,UPI,2024-07,Saturday,30,7
2024-08-27,95.06,Food,Local_Dhaba,UPI,2024-08,Tuesday,35,8
2024-11-27,467.05,Education,Xerox_Shop,UPI,2024-11,Wednesday,48,11
2024-08-27,541.85,Education,College_Fee,UPI,2024-08,Tuesday,35,8
2024-11-03,527.68,Education,Udemy,UPI,2024-11,Sunday,44,11
2024-06-28,103.11,Transport,Uber,Card,2024-06,Friday,26,6
2024-08-20,117.67,Food,Subway,Cash,2024-08,Tuesday,34,8
2024-07-17,197.12,Food,Dominos,Cash,2024-07,Wednesday,29,7
2024-06-20,158.1,Transport,Ola,UPI,2024-06,Thursday,25,6
2024-11-26,106.16,Transport,Uber,UPI,2024-11,Tuesday,48,11
2024-11-10,64.77,Transport,BMTC_Pass,Cash,2024-11,Sunday,45,11
2024-08-06,418.26,Education,Coursera,UPI,2024-08,Tuesday,32,8
2024-09-03,277.27,Education,Xerox_Shop,UPI,2024-09,Tuesday,36,9
2024-10-20,657.6,Education,Coursera,Card,2024-10,Sunday,42,10
2024-08-25,91.64,Food,CCD,UPI,2024-08,Sunday,34,8
2024-11-06,307.36,Entertainment,Spotify,Card,2024-11,Wednesday,45,11
2024-09-17,622.03,Education,College_Fee,UPI,2024-09,Tuesday,38,9
2024-06-09,197.18,Transport,Namma_Metro,UPI,2024-06,Sunday,23,6
2024-08-24,217.74,Food,Subway,UPI,2024-08,Saturday,34,8
2024-06-02,703.35,Education,Xerox_Shop,Cash,2024-06,Sunday,22,6
2024-11-11,294.98,Entertainment,Steam,UPI,2024-11,Monday,46,11
2024-08-02,133.58,Transport,Rapido,Cash,2024-08,Friday,31,8
2024-07-25,172.72,Food,Mess_Canteen,Cash,2024-07,Thursday,30,7
2024-06-07,266.51,Education,College_Fee,UPI,2024-06,Friday,23,6
2024-09-01,351.42,Education,Books_Store,UPI,2024-09,Sunday,35,9
2024-07-04,272.53,Entertainment,Steam,Card,2024-07,Thursday,27,7
2024-09-14,95.23,Transport,Ola,UPI,2024-09,Saturday,37,9
2024-10-20,654.65,Education,Udemy,UPI,2024-10,Sunday,42,10
2024-10-09,756.61,Utilities,Laundry,UPI,2024-10,Wednesday,41,10
2024-11-26,233.19,Education,Books_Store,UPI,2024-11,Tuesday,48,11
2024-10-24,766.43,Utilities,EB_Bill,Card,2024-10,Thursday,43,10
2024-11-26,126.88,Transport,Ola,Card,2024-11,Tuesday,48,11
2024-09-25,961.84,Utilities,Airtel,UPI,2024-09,Wednesday,39,9
2024-11-17,685.74,Education,College_Fee,UPI,2024-11,Sunday,46,11
2024-08-27,1645.0750000000016,Education,College_Fee,Card,2024-08,Tuesday,35,8
2024-07-19,357.49,Entertainment,PVR_Cinemas,UPI,2024-07,Friday,29,7
2024-11-16,199.94,Food,Local_Dhaba,Cash,2024-11,Saturday,46,11
2024-10-27,89.1,Transport,Namma_Metro,Cash,2024-10,Sunday,43,10
2024-11-14,699.01,Utilities,Laundry,UPI,2024-11,Thursday,46,11
2024-11-24,406.96,Entertainment,Steam,Cash,2024-11,Sunday,47,11
2024-07-29,86.31,Food,CCD,UPI,2024-07,Monday,31,7
2024-10-16,497.54,Education,Coursera,UPI,2024-10,Wednesday,42,10
2024-11-18,686.58,Utilities,Jio_Recharge,Cash,2024-11,Monday,47,11
2024-08-12,411.4,Entertainment,BookMyShow,Cash,2024-08,Monday,33,8
2024-07-09,500.06,Utilities,Jio_Recharge,UPI,2024-07,Tuesday,28,7
2024-09-16,695.36,Utilities,Jio_Recharge,UPI,2024-09,Monday,38,9
2024-08-24,140.71,Food,Dominos,Card,2024-08,Saturday,34,8
2024-06-20,218.88,Food,Dominos,Card,2024-06,Thursday,25,6
2024-11-10,571.46,Utilities,Jio_Recharge,UPI,2024-11,Sunday,45,11
2024-08-22,169.68,Transport,BMTC_Pass,UPI,2024-08,Thursday,34,8
2024-10-17,335.97,Entertainment,BookMyShow,Cash,2024-10,Thursday,42,10
2024-06-14,441.0,Education,Xerox_Shop,Card,2024-06,Friday,24,6
2024-10-17,755.84,Utilities,Laundry,UPI,2024-10,Thursday,42,10
2024-10-29,155.4,Food,Subway,Card,2024-10,Tuesday,44,10
2024-07-03,242.77,Food,Swiggy,UPI,2024-07,Wednesday,27,7
2024-06-26,120.45,Transport,Rapido,UPI,2024-06,Wednesday,26,6
2024-06-09,433.07,Education,Coursera,UPI,2024-06,Sunday,23,6
2024-09-29,537.41,Education,Books_Store,UPI,2024-09,Sunday,39,9
2024-10-26,505.7,Education,Udemy,Card,2024-10,Saturday,43,10
2024-11-21,434.17,Miscellaneous,BookMyShow,Cash,2024-11,Thursday,47,11
2024-10-20,52.1528,Entertainment,PVR_Cinemas,UPI,2024-10,Sunday,42,10
2024-11-17,76.94,Transport,Namma_Metro,Cash,2024-11,Sunday,46,11
2024-10-08,507.98,Utilities,Jio_Recharge,Cash,2024-10,Tuesday,41,10
2024-07-10,86.9,Transport,BMTC_Pass,UPI,2024-07,Wednesday,28,7
2024-11-10,239.66,Food,Subway,Card,2024-11,Sunday,45,11
2024-06-03,128.43,Transport,Namma_Metro,UPI,2024-06,Monday,23,6
2024-10-14,185.18,Food,Mess_Canteen,UPI,2024-10,Monday,42,10
2024-07-20,252.22,Entertainment,PVR_Cinemas,UPI,2024-07,Saturday,29,7
2024-08-07,175.24,Food,Subway,Cash,2024-08,Wednesday,32,8
2024-06-03,672.31,Utilities,Airtel,Cash,2024-06,Monday,23,6
2024-09-04,655.77,Utilities,Jio_Recharge,UPI,2024-09,Wednesday,36,9
2024-06-18,84.78,Transport,BMTC_Pass,UPI,2024-06,Tuesday,25,6
2024-08-09,550.91,Utilities,Laundry,Cash,2024-08,Friday,32,8
2024-07-03,131.74,Transport,Rapido,UPI,2024-07,Wednesday,27,7
2024-06-29,144.7,Transport,Namma_Metro,Cash,2024-06,Saturday,26,6
2024-08-01,97.0,Transport,Namma_Metro,UPI,2024-08,Thursday,31,8
2024-10-16,339.32,Entertainment,BookMyShow,UPI,2024-10,Wednesday,42,10
2024-06-26,399.78,Entertainment,Netflix,UPI,2024-06,Wednesday,26,6
2024-08-16,118.27,Food,Subway,UPI,2024-08,Friday,33,8
2024-11-21,119.71,Transport,Ola,UPI,2024-11,Thursday,47,11
2024-11-26,52.1528,Transport,BMTC_Pass,UPI,2024-11,Tuesday,48,11
2024-06-18,96.54,Transport,Uber,UPI,2024-06,Tuesday,25,6
2024-06-22,240.27,Food,Zomato,Cash,2024-06,Saturday,25,6
2024-08-16,400.1,Utilities,Jio_Recharge,UPI,2024-08,Friday,33,8
2024-06-14,973.81,Utilities,PG_Rent,Cash,2024-06,Friday,24,6
2024-07-20,859.43,Utilities,EB_Bill,UPI,2024-07,Saturday,29,7
2024-07-29,506.84,Education,College_Fee,Cash,2024-07,Monday,31,7
2024-07-13,655.31,Miscellaneous,Airtel,UPI,2024-07,Saturday,28,7
2024-06-30,214.21,Food,CCD,UPI,2024-06,Sunday,26,6
2024-11-17,365.24,Education,Books_Store,Card,2024-11,Sunday,46,11
2024-10-10,96.19,Food,Dominos,UPI,2024-10,Thursday,41,10
2024-09-25,620.56,Utilities,PG_Rent,Cash,2024-09,Wednesday,39,9
2024-07-21,306.08,Entertainment,Steam,Card,2024-07,Sunday,29,7
2024-10-18,410.09,Education,Coursera,Card,2024-10,Friday,42,10
2024-07-26,162.72,Food,Subway,UPI,2024-07,Friday,30,7
2024-10-05,207.83,Transport,Uber,Card,2024-10,Saturday,40,10
2024-08-01,268.64,Utilities,Airtel,UPI,2024-08,Thursday,31,8
2024-11-11,344.7,Entertainment,Spotify,UPI,2024-11,Monday,46,11
2024-10-23,118.3,Food,Subway,Card,2024-10,Wednesday,43,10
2024-10-17,194.71,Transport,Rapido,Cash,2024-10,Thursday,42,10
2024-10-31,188.74,Transport,Ola,UPI,2024-10,Thursday,44,10
2024-08-17,525.4,Education,Xerox_Shop,UPI,2024-08,Saturday,33,8
2024-11-26,423.5,Education,College_Fee,UPI,2024-11,Tuesday,48,11
2024-07-11,179.54,Food,Local_Dhaba,Card,2024-07,Thursday,28,7
2024-11-27,125.5,Food,Local_Dhaba,UPI,2024-11,Wednesday,48,11
2024-10-28,139.89,Food,Zomato,Cash,2024-10,Monday,44,10
2024-09-12,893.83,Utilities,Jio_Recharge,UPI,2024-09,Thursday,37,9
2024-07-15,175.97,Food,Subway,UPI,2024-07,Monday,29,7
2024-09-03,149.59,Transport,Rapido,Card,2024-09,Tuesday,36,9
2024-07-25,438.79,Education,College_Fee,Card,2024-07,Thursday,30,7
2024-07-30,390.36,Education,Udemy,UPI,2024-07,Tuesday,31,7
2024-06-06,647.4,Education,Xerox_Shop,UPI,2024-06,Thursday,23,6
2024-07-02,218.61,Entertainment,Spotify,Cash,2024-07,Tuesday,27,7
2024-10-08,131.57,Transport,BMTC_Pass,Card,2024-10,Tuesday,41,10
2024-07-29,303.65,Entertainment,Steam,UPI,2024-07,Monday,31,7
2024-08-03,339.6,Entertainment,Spotify,Cash,2024-08,Saturday,31,8
2024-11-06,745.87,Education,Udemy,UPI,2024-11,Wednesday,45,11
2024-09-02,545.56,Utilities,PG_Rent,Cash,2024-09,Monday,36,9
2024-08-11,185.92,Food,Mess_Canteen,Cash,2024-08,Sunday,32,8
2024-09-24,115.22,Food,CCD,Card,2024-09,Tuesday,39,9
2024-10-20,1645.0750000000016,Education,Books_Store,UPI,2024-10,Sunday,42,10
2024-09-30,243.77,Entertainment,BookMyShow,Card,2024-09,Monday,40,9
2024-06-17,83.05,Transport,Uber,Cash,2024-06,Monday,25,6
2024-08-24,225.86,Food,Zomato,Card,2024-08,Saturday,34,8
2024-11-12,163.19,Food,CCD,UPI,2024-11,Tuesday,46,11
2024-06-25,109.16,Transport,Uber,UPI,2024-06,Tuesday,26,6
2024-07-30,164.14,Food,CCD,UPI,2024-07,Tuesday,31,7
2024-09-20,361.34,Entertainment,Spotify,UPI,2024-09,Friday,38,9
2024-07-11,349.1,Education,Books_Store,UPI,2024-07,Thursday,28,7
2024-11-24,125.99,Transport,Ola,UPI,2024-11,Sunday,47,11
2024-10-23,117.34,Food,Subway,UPI,2024-10,Wednesday,43,10
2024-10-20,583.85,Utilities,Laundry,UPI,2024-10,Sunday,42,10
2024-10-23,477.95,Education,Udemy,UPI,2024-10,Wednesday,43,10
2024-08-15,204.59,Food,Subway,Card,2024-08,Thursday,33,8
2024-08-25,305.53,Food,CCD,UPI,2024-08,Sunday,34,8
2024-09-06,96.78,Transport,Rapido,UPI,2024-09,Friday,36,9
2024-09-26,394.78,Entertainment,Spotify,Cash,2024-09,Thursday,39,9
2024-11-07,179.96,Transport,BMTC_Pass,Cash,2024-11,Thursday,45,11
2024-10-21,122.4,Food,Mess_Canteen,Cash,2024-10,Monday,43,10
2024-09-25,162.09,Food,Dominos,UPI,2024-09,Wednesday,39,9
2024-08-31,208.99,Food,Subway,UPI,2024-08,Saturday,35,8
2024-11-08,568.51,Utilities,Jio_Recharge,Card,2024-11,Friday,45,11
2024-08-19,490.09,Education,College_Fee,UPI,2024-08,Monday,34,8
2024-06-12,257.97,Education,Xerox_Shop,Card,2024-06,Wednesday,24,6
2024-08-07,124.79,Food,Subway,UPI,2024-08,Wednesday,32,8
2024-06-23,143.43,Entertainment,BookMyShow,UPI,2024-06,Sunday,25,6
2024-07-09,96.75,Food,CCD,UPI,2024-07,Tuesday,28,7
2024-06-13,52.1528,Transport,BMTC_Pass,UPI,2024-06,Thursday,24,6
2024-10-03,172.02,Food,Dominos,UPI,2024-10,Thursday,40,10
2024-06-20,1551.1,Food,Subway,Cash,2024-06,Thursday,25,6
2024-07-27,81.2,Transport,BMTC_Pass,UPI,2024-07,Saturday,30,7
2024-09-27,181.07,Transport,Namma_Metro,UPI,2024-09,Friday,39,9
2024-06-24,615.63,Education,Books_Store,UPI,2024-06,Monday,26,6
2024-11-22,135.51,Food,Subway,Cash,2024-11,Friday,47,11
2024-07-09,653.39,Miscellaneous,Xerox_Shop,UPI,2024-07,Tuesday,28,7
2024-07-27,158.0,Food,Dominos,UPI,2024-07,Saturday,30,7
2024-06-02,346.65,Utilities,Laundry,Card,2024-06,Sunday,22,6
2024-10-09,178.8,Transport,Ola,Cash,2024-10,Wednesday,41,10
2024-11-27,355.28,Entertainment,Steam,UPI,2024-11,Wednesday,48,11
2024-10-26,124.39,Transport,Rapido,Card,2024-10,Saturday,43,10
2024-11-15,262.11,Entertainment,BookMyShow,UPI,2024-11,Friday,46,11
2024-07-10,118.58,Transport,Rapido,Card,2024-07,Wednesday,28,7
2024-11-13,167.81,Transport,BMTC_Pass,UPI,2024-11,Wednesday,46,11
2024-09-03,183.39,Food,Subway,UPI,2024-09,Tuesday,36,9
2024-09-19,87.9,Food,Zomato,Cash,2024-09,Thursday,38,9
2024-08-27,109.86,Transport,BMTC_Pass,Card,2024-08,Tuesday,35,8
2024-10-30,566.69,Education,College_Fee,Cash,2024-10,Wednesday,44,10
2024-09-25,1645.0750000000016,Food,CCD,Cash,2024-09,Wednesday,39,9
2024-08-07,442.39,Utilities,Jio_Recharge,Cash,2024-08,Wednesday,32,8
2024-06-04,705.9,Utilities,Laundry,UPI,2024-06,Tuesday,23,6
2024-09-22,677.86,Education,Xerox_Shop,UPI,2024-09,Sunday,38,9
2024-10-12,231.88,Food,Swiggy,UPI,2024-10,Saturday,41,10
2024-11-02,236.53,Food,Mess_Canteen,UPI,2024-11,Saturday,44,11
2024-06-15,586.89,Utilities,PG_Rent,UPI,2024-06,Saturday,24,6
2024-08-02,471.97,Miscellaneous,Xerox_Shop,Cash,2024-08,Friday,31,8
2024-07-12,114.32,Food,Dominos,UPI,2024-07,Friday,28,7
2024-11-07,307.04,Utilities,Jio_Recharge,Cash,2024-11,Thursday,45,11
2024-09-15,257.01,Miscellaneous,BookMyShow,UPI,2024-09,Sunday,37,9
2024-10-19,115.47,Transport,Rapido,UPI,2024-10,Saturday,42,10
2024-07-11,166.83,Food,Zomato,UPI,2024-07,Thursday,28,7
2024-09-20,129.35,Food,Local_Dhaba,UPI,2024-09,Friday,38,9
2024-07-24,91.3,Food,CCD,Card,2024-07,Wednesday,30,7
2024-10-16,722.03,Utilities,EB_Bill,UPI,2024-10,Wednesday,42,10
2024-06-10,496.35,Utilities,PG_Rent,UPI,2024-06,Monday,24,6
2024-07-10,330.7,Entertainment,Spotify,Cash,2024-07,Wednesday,28,7
2024-11-11,386.94,Education,Xerox_Shop,UPI,2024-11,Monday,46,11
2024-08-18,201.79,Food,Local_Dhaba,Cash,2024-08,Sunday,33,8
2024-11-27,312.75,Entertainment,Steam,Cash,2024-11,Wednesday,48,11
2024-10-17,465.36,Education,Udemy,UPI,2024-10,Thursday,42,10
2024-11-11,122.43,Transport,BMTC_Pass,UPI,2024-11,Monday,46,11
2024-06-21,178.92,Food,Zomato,Card,2024-06,Friday,25,6
2024-07-13,392.24,Education,College_Fee,Cash,2024-07,Saturday,28,7
2024-10-16,721.99,Education,Xerox_Shop,UPI,2024-10,Wednesday,42,10
2024-10-02,196.99,Food,Subway,UPI,2024-10,Wednesday,40,10
2024-09-19,540.74,Education,Books_Store,Cash,2024-09,Thursday,38,9
2024-09-03,182.29,Food,CCD,UPI,2024-09,Tuesday,36,9
2024-10-12,121.07,Transport,Uber,Card,2024-10,Saturday,41,10
2024-06-01,460.3,Education,College_Fee,Cash,2024-06,Saturday,22,6
2024-08-04,139.4,Transport,BMTC_Pass,UPI,2024-08,Sunday,31,8
2024-07-31,1068.3,Utilities,Airtel,UPI,2024-07,Wednesday,31,7
2024-06-17,815.38,Utilities,Airtel,Card,2024-06,Monday,25,6
2024-08-28,180.21,Transport,Uber,UPI,2024-08,Wednesday,35,8
2024-11-14,286.29,Education,College_Fee,UPI,2024-11,Thursday,46,11
2024-10-20,248.08,Entertainment,Steam,Card,2024-10,Sunday,42,10
2024-08-27,600.94,Utilities,Airtel,Card,2024-08,Tuesday,35,8
2024-11-15,86.8,Transport,Ola,UPI,2024-11,Friday,46,11
2024-07-19,105.07,Food,Subway,UPI,2024-07,Friday,29,7
2024-09-25,108.57,Food,Mess_Canteen,UPI,2024-09,Wednesday,39,9
2024-07-01,143.38,Food,Subway,UPI,2024-07,Monday,27,7
2024-09-06,52.1528,Transport,BMTC_Pass,Cash,2024-09,Friday,36,9
2024-07-10,188.91,Transport,Namma_Metro,UPI,2024-07,Wednesday,28,7
2024-11-01,63.47,Transport,Rapido,Cash,2024-11,Friday,44,11
2024-09-22,95.06,Transport,BMTC_Pass,UPI,2024-09,Sunday,38,9
2024-07-25,234.88,Food,CCD,UPI,2024-07,Thursday,30,7
2024-06-24,118.41,Food,Dominos,UPI,2024-06,Monday,26,6
2024-08-11,327.7,Entertainment,Steam,UPI,2024-08,Sunday,32,8
2024-08-02,129.33,Food,Local_Dhaba,UPI,2024-08,Friday,31,8
2024-11-11,275.64,Utilities,Airtel,UPI,2024-11,Monday,46,11
2024-11-16,137.17,Transport,Uber,Cash,2024-11,Saturday,46,11
2024-10-19,114.4,Transport,Uber,Cash,2024-10,Saturday,42,10
2024-08-30,409.34,Utilities,Jio_Recharge,Cash,2024-08,Friday,35,8
2024-09-17,140.06,Food,Local_Dhaba,UPI,2024-09,Tuesday,38,9
2024-09-29,759.06,Utilities,Airtel,Card,2024-09,Sunday,39,9
2024-10-08,109.14,Food,Local_Dhaba,Cash,2024-10,Tuesday,41,10
2024-09-05,283.99,Education,College_Fee,Cash,2024-09,Thursday,36,9
2024-06-08,121.87,Transport,Namma_Metro,UPI,2024-06,Saturday,23,6
2024-11-19,243.7,Entertainment,BookMyShow,UPI,2024-11,Tuesday,47,11
2024-07-16,193.35,Food,Dominos,Cash,2024-07,Tuesday,29,7
2024-09-22,421.09,Entertainment,Spotify,UPI,2024-09,Sunday,38,9
2024-06-08,276.42,Food,CCD,Card,2024-06,Saturday,23,6
2024-09-20,87.06,Food,CCD,Card,2024-09,Friday,38,9
2024-08-31,403.38,Utilities,Jio_Recharge,Card,2024-08,Saturday,35,8
2024-07-19,159.91,Entertainment,PVR_Cinemas,UPI,2024-07,Friday,29,7
2024-06-11,671.86,Utilities,PG_Rent,Cash,2024-06,Tuesday,24,6
2024-06-06,180.88,Food,Dominos,UPI,2024-06,Thursday,23,6
2024-07-27,178.18,Food,Mess_Canteen,UPI,2024-07,Saturday,30,7
2024-08-10,90.59,Transport,Ola,UPI,2024-08,Saturday,32,8
2024-09-20,463.95,Education,College_Fee,UPI,2024-09,Friday,38,9
2024-10-18,462.38,Education,Xerox_Shop,UPI,2024-10,Friday,42,10
2024-09-11,113.9,Food,Local_Dhaba,Cash,2024-09,Wednesday,37,9
2024-09-18,359.64,Utilities,Airtel,UPI,2024-09,Wednesday,38,9
2024-06-18,386.55,Education,Udemy,UPI,2024-06,Tuesday,25,6
2024-08-10,184.04,Food,Swiggy,Cash,2024-08,Saturday,32,8
2024-09-06,134.58,Food,Subway,UPI,2024-09,Friday,36,9
2024-11-13,115.99,Food,Local_Dhaba,Card,2024-11,Wednesday,46,11
2024-06-19,126.68,Food,Local_Dhaba,Cash,2024-06,Wednesday,25,6
2024-09-10,111.91,Transport,BMTC_Pass,Cash,2024-09,Tuesday,37,9
2024-09-06,147.44,Food,Zomato,UPI,2024-09,Friday,36,9
2024-07-12,576.99,Education,Udemy,Cash,2024-07,Friday,28,7
2024-09-18,105.47,Food,Zomato,Card,2024-09,Wednesday,38,9
2024-07-10,170.7,Food,Mess_Canteen,Card,2024-07,Wednesday,28,7
2024-09-06,258.88,Education,Coursera,Cash,2024-09,Friday,36,9
2024-09-13,127.81,Food,Zomato,UPI,2024-09,Friday,37,9
2024-09-14,232.97,Food,Mess_Canteen,Cash,2024-09,Saturday,37,9
2024-08-24,368.3,Entertainment,Steam,UPI,2024-08,Saturday,34,8
2024-10-18,127.5,Transport,Rapido,UPI,2024-10,Friday,42,10
2024-08-12,353.16,Entertainment,PVR_Cinemas,UPI,2024-08,Monday,33,8
2024-06-18,142.62,Miscellaneous,Namma_Metro,UPI,2024-06,Tuesday,25,6
2024-11-05,229.36,Entertainment,Netflix,UPI,2024-11,Tuesday,45,11
2024-08-30,126.47,Food,Local_Dhaba,Cash,2024-08,Friday,35,8
2024-07-16,206.65,Entertainment,Steam,UPI,2024-07,Tuesday,29,7
2024-07-04,496.25,Education,Books_Store,UPI,2024-07,Thursday,27,7
2024-08-31,140.02,Transport,Uber,Card,2024-08,Saturday,35,8
2024-11-13,164.52,Food,CCD,Cash,2024-11,Wednesday,46,11
2024-08-26,114.81,Transport,BMTC_Pass,Cash,2024-08,Monday,35,8
2024-10-15,126.23,Transport,Rapido,UPI,2024-10,Tuesday,42,10
2024-09-22,76.45,Transport,Uber,UPI,2024-09,Sunday,38,9
2024-08-11,533.67,Education,Udemy,UPI,2024-08,Sunday,32,8
2024-08-07,404.27,Entertainment,Spotify,UPI,2024-08,Wednesday,32,8
2024-07-31,166.93,Entertainment,Netflix,Card,2024-07,Wednesday,31,7
2024-09-07,286.89,Food,Dominos,UPI,2024-09,Saturday,36,9
2024-07-30,354.95,Education,Books_Store,Card,2024-07,Tuesday,31,7
2024-11-24,184.79,Food,Local_Dhaba,UPI,2024-11,Sunday,47,11
2024-07-22,102.07,Food,Local_Dhaba,UPI,2024-07,Monday,30,7
2024-06-13,114.63,Food,Zomato,Card,2024-06,Thursday,24,6
2024-07-10,126.48,Transport,BMTC_Pass,Card,2024-07,Wednesday,28,7
2024-08-10,131.96,Transport,Rapido,UPI,2024-08,Saturday,32,8
2024-08-08,641.81,Utilities,Laundry,UPI,2024-08,Thursday,32,8
2024-10-31,267.66,Entertainment,Steam,UPI,2024-10,Thursday,44,10
2024-08-19,323.37,Food,Swiggy,UPI,2024-08,Monday,34,8
2024-06-18,186.71,Food,Subway,UPI,2024-06,Tuesday,25,6
2024-07-08,168.62,Food,Dominos,UPI,2024-07,Monday,28,7
2024-10-31,171.22,Food,Local_Dhaba,Cash,2024-10,Thursday,44,10
2024-11-02,103.42,Transport,Ola,Card,2024-11,Saturday,44,11
2024-07-02,145.14,Transport,Namma_Metro,Card,2024-07,Tuesday,27,7
2024-06-24,622.66,Education,Xerox_Shop,Card,2024-06,Monday,26,6
2024-06-04,389.82,Entertainment,PVR_Cinemas,UPI,2024-06,Tuesday,23,6
2024-11-20,122.73,Transport,Namma_Metro,UPI,2024-11,Wednesday,47,11
2024-07-14,99.93,Transport,Ola,UPI,2024-07,Sunday,28,7
2024-10-03,123.48,Food,Mess_Canteen,Cash,2024-10,Thursday,40,10
2024-08-12,159.86,Food,Zomato,Card,2024-08,Monday,33,8
2024-06-16,75.08,Transport,BMTC_Pass,Card,2024-06,Sunday,24,6
2024-08-10,230.9,Entertainment,PVR_Cinemas,UPI,2024-08,Saturday,32,8
2024-11-14,192.93,Food,Local_Dhaba,UPI,2024-11,Thursday,46,11
2024-07-15,294.53,Education,Udemy,UPI,2024-07,Monday,29,7
2024-06-12,179.17,Food,Local_Dhaba,Cash,2024-06,Wednesday,24,6
2024-11-03,153.09,Food,Subway,UPI,2024-11,Sunday,44,11
2024-07-20,198.33,Entertainment,Netflix,UPI,2024-07,Saturday,29,7
2024-07-28,799.47,Utilities,Airtel,Card,2024-07,Sunday,30,7
2024-06-26,166.27,Food,CCD,UPI,2024-06,Wednesday,26,6
2024-06-14,165.64,Food,Local_Dhaba,UPI,2024-06,Friday,24,6
2024-07-06,176.85,Transport,BMTC_Pass,Cash,2024-07,Saturday,27,7
2024-06-25,392.92,Entertainment,Netflix,Card,2024-06,Tuesday,26,6
2024-06-27,732.92,Utilities,Jio_Recharge,Cash,2024-06,Thursday,26,6
2024-09-25,177.4,Transport,Namma_Metro,Card,2024-09,Wednesday,39,9
2024-11-24,195.36,Food,Zomato,UPI,2024-11,Sunday,47,11
2024-09-28,739.43,Utilities,EB_Bill,Cash,2024-09,Saturday,39,9
2024-07-23,327.67,Entertainment,PVR_Cinemas,UPI,2024-07,Tuesday,30,7
2024-08-21,78.32,Food,CCD,UPI,2024-08,Wednesday,34,8
2024-07-08,316.29,Entertainment,Spotify,UPI,2024-07,Monday,28,7
2024-10-28,213.13,Food,Mess_Canteen,UPI,2024-10,Monday,44,10
2024-08-19,172.2,Food,Subway,UPI,2024-08,Monday,34,8
2024-07-31,104.54,Transport,Namma_Metro,Card,2024-07,Wednesday,31,7
2024-09-17,472.62,Utilities,PG_Rent,Card,2024-09,Tuesday,38,9
2024-08-02,141.66,Food,Zomato,UPI,2024-08,Friday,31,8
2024-08-22,163.04,Food,Subway,UPI,2024-08,Thursday,34,8
2024-10-29,466.2,Entertainment,Steam,UPI,2024-10,Tuesday,44,10
2024-10-30,183.75,Transport,Ola,UPI,2024-10,Wednesday,44,10
2024-10-05,353.19,Education,Coursera,Cash,2024-10,Saturday,40,10
2024-06-16,144.55,Transport,Ola,UPI,2024-06,Sunday,24,6
2024-10-18,120.56,Entertainment,Steam,Cash,2024-10,Friday,42,10
2024-07-13,706.76,Utilities,Laundry,Cash,2024-07,Saturday,28,7
2024-06-01,162.04,Transport,BMTC_Pass,UPI,2024-06,Saturday,22,6
2024-09-11,533.7,Miscellaneous,Xerox_Shop,UPI,2024-09,Wednesday,37,9
2024-09-07,202.47,Transport,BMTC_Pass,UPI,2024-09,Saturday,36,9
2024-08-04,519.64,Utilities,Jio_Recharge,Card,2024-08,Sunday,31,8
2024-11-08,661.69,Utilities,Laundry,UPI,2024-11,Friday,45,11
2024-06-19,52.1528,Transport,BMTC_Pass,UPI,2024-06,Wednesday,25,6
2024-07-13,187.3,Food,Subway,UPI,2024-07,Saturday,28,7
2024-08-29,179.35,Food,Subway,Card,2024-08,Thursday,35,8
2024-10-21,593.76,Utilities,EB_Bill,UPI,2024-10,Monday,43,10
2024-08-31,77.25,Transport,Rapido,UPI,2024-08,Saturday,35,8
2024-06-21,117.41,Transport,Rapido,Cash,2024-06,Friday,25,6
2024-07-29,199.0,Food,Swiggy,UPI,2024-07,Monday,31,7
2024-11-07,376.52,Entertainment,Steam,UPI,2024-11,Thursday,45,11
2024-10-28,903.11,Utilities,PG_Rent,Card,2024-10,Monday,44,10
2024-10-03,149.12,Food,Subway,Card,2024-10,Thursday,40,10
2024-07-26,90.23,Food,Zomato,UPI,2024-07,Friday,30,7
2024-07-12,137.79,Transport,Rapido,UPI,2024-07,Friday,28,7
2024-09-22,407.38,Utilities,Laundry,Card,2024-09,Sunday,38,9
2024-09-16,73.04,Food,Zomato,UPI,2024-09,Monday,38,9
2024-10-09,451.84,Entertainment,Netflix,UPI,2024-10,Wednesday,41,10
2024-07-05,72.47,Transport,Uber,UPI,2024-07,Friday,27,7
2024-08-01,125.09,Food,CCD,Cash,2024-08,Thursday,31,8
2024-08-02,378.51,Entertainment,Spotify,UPI,2024-08,Friday,31,8
2024-08-16,277.92,Entertainment,Spotify,UPI,2024-08,Friday,33,8
2024-08-26,85.64,Food,Subway,UPI,2024-08,Monday,35,8
2024-09-28,199.07,Food,Dominos,Card,2024-09,Saturday,39,9
2024-11-10,119.78,Transport,Uber,UPI,2024-11,Sunday,45,11
2024-09-16,121.15,Transport,Uber,UPI,2024-09,Monday,38,9
2024-07-25,301.25,Entertainment,Netflix,UPI,2024-07,Thursday,30,7
2024-09-30,111.76,Food,Dominos,Cash,2024-09,Monday,40,9
2024-10-31,633.23,Miscellaneous,Airtel,UPI,2024-10,Thursday,44,10
2024-07-03,625.35,Education,Coursera,UPI,2024-07,Wednesday,27,7
2024-09-06,158.36,Transport,Rapido,UPI,2024-09,Friday,36,9
2024-08-17,409.4,Education,Udemy,UPI,2024-08,Saturday,33,8
2024-11-16,515.21,Utilities,Laundry,UPI,2024-11,Saturday,46,11
2024-07-08,223.29,Food,Local_Dhaba,UPI,2024-07,Monday,28,7
2024-07-26,633.62,Utilities,Jio_Recharge,Card,2024-07,Friday,30,7
2024-06-10,52.1528,Food,Dominos,Cash,2024-06,Monday,24,6
2024-06-30,281.54,Food,Swiggy,UPI,2024-06,Sunday,26,6
2024-09-03,591.59,Education,Udemy,Card,2024-09,Tuesday,36,9
2024-06-19,410.49,Entertainment,Spotify,Card,2024-06,Wednesday,25,6
2024-06-16,374.72,Utilities,EB_Bill,Cash,2024-06,Sunday,24,6
2024-10-30,188.4,Food,CCD,UPI,2024-10,Wednesday,44,10
2024-08-21,234.69,Food,Mess_Canteen,UPI,2024-08,Wednesday,34,8
2024-09-25,127.24,Transport,Uber,UPI,2024-09,Wednesday,39,9
2024-08-10,602.28,Education,Xerox_Shop,Cash,2024-08,Saturday,32,8
2024-09-08,679.97,Utilities,EB_Bill,Cash,2024-09,Sunday,36,9
2024-11-04,352.14,Entertainment,Spotify,Cash,2024-11,Monday,45,11
2024-10-16,414.44,Entertainment,PVR_Cinemas,Cash,2024-10,Wednesday,42,10
2024-08-07,176.98,Entertainment,BookMyShow,UPI,2024-08,Wednesday,32,8
2024-09-20,128.08,Food,Swiggy,Cash,2024-09,Friday,38,9
2024-08-25,279.44,Food,Dominos,Cash,2024-08,Sunday,34,8
2024-06-28,203.85,Food,Dominos,Cash,2024-06,Friday,26,6
2024-09-30,270.77,Entertainment,Spotify,UPI,2024-09,Monday,40,9
2024-10-27,337.16,Entertainment,BookMyShow,UPI,2024-10,Sunday,43,10
2024-06-05,100.88,Transport,BMTC_Pass,Cash,2024-06,Wednesday,23,6
2024-06-08,606.64,Education,Xerox_Shop,Card,2024-06,Saturday,23,6
2024-06-11,189.88,Education,Xerox_Shop,UPI,2024-06,Tuesday,24,6
2024-10-12,690.17,Utilities,Jio_Recharge,UPI,2024-10,Saturday,41,10
2024-10-16,353.37,Education,College_Fee,Card,2024-10,Wednesday,42,10
2024-11-03,1645.0750000000016,Entertainment,BookMyShow,UPI,2024-11,Sunday,44,11
2024-10-05,211.85,Food,Zomato,UPI,2024-10,Saturday,40,10
2024-10-18,335.56,Education,Xerox_Shop,Card,2024-10,Friday,42,10
2024-11-24,138.5,Transport,Rapido,UPI,2024-11,Sunday,47,11
2024-10-26,137.91,Food,Mess_Canteen,UPI,2024-10,Saturday,43,10
2024-10-31,124.62,Food,Zomato,UPI,2024-10,Thursday,44,10
2024-10-16,202.34,Food,Dominos,UPI,2024-10,Wednesday,42,10
2024-07-16,116.15,Transport,Namma_Metro,Card,2024-07,Tuesday,29,7
2024-11-21,103.1,Transport,Uber,Cash,2024-11,Thursday,47,11
2024-07-29,200.7,Entertainment,Steam,UPI,2024-07,Monday,31,7
2024-06-25,155.71,Transport,Rapido,UPI,2024-06,Tuesday,26,6
2024-08-24,248.37,Entertainment,PVR_Cinemas,Cash,2024-08,Saturday,34,8
2024-08-06,348.5,Entertainment,Steam,UPI,2024-08,Tuesday,32,8
2024-07-27,544.42,Education,Xerox_Shop,UPI,2024-07,Saturday,30,7
2024-09-22,198.53,Food,Dominos,UPI,2024-09,Sunday,38,9
2024-06-03,106.58,Food,Zomato,UPI,2024-06,Monday,23,6
2024-10-12,250.04,Food,CCD,UPI,2024-10,Saturday,41,10
2024-08-29,746.75,Education,Books_Store,UPI,2024-08,Thursday,35,8
2024-11-20,671.56,Education,Coursera,Cash,2024-11,Wednesday,47,11
2024-06-13,115.31,Transport,Ola,Cash,2024-06,Thursday,24,6
2024-06-22,628.46,Education,Xerox_Shop,Cash,2024-06,Saturday,25,6
2024-07-15,179.12,Food,CCD,UPI,2024-07,Monday,29,7
2024-09-06,77.55,Entertainment,PVR_Cinemas,Card,2024-09,Friday,36,9
2024-09-20,120.17,Food,Mess_Canteen,UPI,2024-09,Friday,38,9
2024-09-25,184.22,Food,Swiggy,UPI,2024-09,Wednesday,39,9
2024-11-10,261.54,Food,Mess_Canteen,UPI,2024-11,Sunday,45,11
2024-11-06,160.97,Food,Mess_Canteen,UPI,2024-11,Wednesday,45,11
2024-06-07,283.36,Entertainment,Steam,UPI,2024-06,Friday,23,6
2024-10-08,134.86,Transport,Uber,UPI,2024-10,Tuesday,41,10
2024-09-16,254.38,Entertainment,Spotify,UPI,2024-09,Monday,38,9
2024-09-29,427.52,Education,College_Fee,UPI,2024-09,Sunday,39,9
2024-07-27,325.18,Food,Zomato,UPI,2024-07,Saturday,30,7
2024-09-21,448.85,Utilities,Airtel,UPI,2024-09,Saturday,38,9
2024-09-14,500.95,Utilities,PG_Rent,UPI,2024-09,Saturday,37,9
2024-07-21,241.48,Food,Subway,UPI,2024-07,Sunday,29,7
2024-10-19,369.45,Entertainment,Netflix,UPI,2024-10,Saturday,42,10
2024-08-12,170.41,Food,Subway,UPI,2024-08,Monday,33,8
2024-10-29,391.49,Utilities,Jio_Recharge,UPI,2024-10,Tuesday,44,10
2024-09-12,203.51,Food,Local_Dhaba,Card,2024-09,Thursday,37,9
2024-08-10,281.54,Food,Subway,Cash,2024-08,Saturday,32,8
2024-07-21,209.53,Food,Dominos,UPI,2024-07,Sunday,29,7
2024-06-14,182.02,Food,Dominos,UPI,2024-06,Friday,24,6
2024-10-01,132.02,Food,Mess_Canteen,Card,2024-10,Tuesday,40,10
2024-08-06,571.56,Utilities,PG_Rent,Cash,2024-08,Tuesday,32,8
2024-08-24,306.96,Entertainment,Spotify,Card,2024-08,Saturday,34,8
2024-08-07,485.47,Entertainment,Netflix,UPI,2024-08,Wednesday,32,8
2024-06-08,392.62,Entertainment,BookMyShow,UPI,2024-06,Saturday,23,6
2024-08-13,103.72,Transport,Rapido,UPI,2024-08,Tuesday,33,8
2024-11-13,103.9,Food,Local_Dhaba,Cash,2024-11,Wednesday,46,11
2024-07-10,195.65,Food,Mess_Canteen,UPI,2024-07,Wednesday,28,7
2024-06-11,147.5,Food,Mess_Canteen,UPI,2024-06,Tuesday,24,6
2024-07-07,291.15,Entertainment,Steam,Cash,2024-07,Sunday,27,7
2024-10-21,166.0,Transport,Namma_Metro,UPI,2024-10,Monday,43,10
2024-07-14,254.19,Food,Subway,Cash,2024-07,Sunday,28,7
2024-07-01,82.08,Transport,Namma_Metro,UPI,2024-07,Monday,27,7
2024-08-06,467.98,Education,College_Fee,Cash,2024-08,Tuesday,32,8
2024-09-18,228.97,Food,CCD,Cash,2024-09,Wednesday,38,9
2024-08-11,286.66,Education,Coursera,Cash,2024-08,Sunday,32,8
2024-08-02,126.16,Food,Dominos,UPI,2024-08,Friday,31,8
2024-08-15,345.65,Entertainment,PVR_Cinemas,UPI,2024-08,Thursday,33,8
2024-11-17,538.96,Education,Books_Store,UPI,2024-11,Sunday,46,11
2024-06-15,381.45,Utilities,PG_Rent,Card,2024-06,Saturday,24,6
2024-09-11,379.35,Entertainment,Steam,UPI,2024-09,Wednesday,37,9
2024-10-04,296.53,Entertainment,Steam,Card,2024-10,Friday,40,10
2024-07-06,352.77,Education,Coursera,Cash,2024-07,Saturday,27,7
2024-06-03,572.56,Utilities,EB_Bill,Cash,2024-06,Monday,23,6
2024-11-13,462.92,Education,Coursera,Cash,2024-11,Wednesday,46,11
2024-07-22,81.82,Food,Local_Dhaba,UPI,2024-07,Monday,30,7
2024-06-19,923.58,Utilities,PG_Rent,UPI,2024-06,Wednesday,25,6
2024-08-22,109.74,Food,Swiggy,UPI,2024-08,Thursday,34,8
2024-11-03,292.74,Entertainment,Netflix,Cash,2024-11,Sunday,44,11
2024-06-28,147.27,Transport,BMTC_Pass,Cash,2024-06,Friday,26,6
2024-11-04,421.14,Education,Udemy,UPI,2024-11,Monday,45,11
2024-06-28,623.31,Miscellaneous,College_Fee,UPI,2024-06,Friday,26,6
2024-11-03,454.47,Utilities,Jio_Recharge,UPI,2024-11,Sunday,44,11
2024-09-24,408.53,Education,College_Fee,UPI,2024-09,Tuesday,39,9
2024-06-12,93.05,Transport,Ola,UPI,2024-06,Wednesday,24,6
2024-06-01,732.67,Education,Xerox_Shop,UPI,2024-06,Saturday,22,6
2024-10-14,794.95,Utilities,EB_Bill,Card,2024-10,Monday,42,10
2024-06-14,633.59,Utilities,PG_Rent,Cash,2024-06,Friday,24,6
2024-08-02,785.73,Utilities,EB_Bill,UPI,2024-08,Friday,31,8
2024-06-24,113.79,Transport,BMTC_Pass,Card,2024-06,Monday,26,6
2024-11-08,91.95,Food,Mess_Canteen,UPI,2024-11,Friday,45,11
2024-07-17,531.65,Education,Xerox_Shop,Cash,2024-07,Wednesday,29,7
2024-10-15,522.01,Education,Books_Store,UPI,2024-10,Tuesday,42,10
2024-11-12,182.51,Food,Local_Dhaba,UPI,2024-11,Tuesday,46,11
2024-10-08,143.59,Food,Local_Dhaba,UPI,2024-10,Tuesday,41,10
2024-07-20,115.39,Transport,BMTC_Pass,Cash,2024-07,Saturday,29,7
2024-09-28,142.98,Food,Zomato,UPI,2024-09,Saturday,39,9
2024-06-03,661.52,Utilities,PG_Rent,Cash,2024-06,Monday,23,6
2024-07-29,158.4,Transport,BMTC_Pass,Card,2024-07,Monday,31,7
2024-09-30,344.32,Entertainment,Steam,Cash,2024-09,Monday,40,9
2024-06-17,800.91,Education,Coursera,UPI,2024-06,Monday,25,6
2024-08-13,132.15,Transport,Uber,UPI,2024-08,Tuesday,33,8
2024-08-26,267.51,Entertainment,Steam,UPI,2024-08,Monday,35,8
2024-06-17,672.73,Utilities,PG_Rent,UPI,2024-06,Monday,25,6
2024-07-04,676.89,Education,Books_Store,UPI,2024-07,Thursday,27,7
2024-10-04,176.88,Food,Mess_Canteen,UPI,2024-10,Friday,40,10
2024-06-20,461.06,Education,College_Fee,UPI,2024-06,Thursday,25,6
2024-09-13,118.22,Transport,Uber,UPI,2024-09,Friday,37,9
2024-11-27,349.38,Education,Xerox_Shop,UPI,2024-11,Wednesday,48,11
2024-10-30,103.23,Transport,Uber,Cash,2024-10,Wednesday,44,10
2024-08-04,199.23,Entertainment,Steam,Cash,2024-08,Sunday,31,8
2024-07-16,504.25,Education,College_Fee,UPI,2024-07,Tuesday,29,7
2024-08-08,677.41,Utilities,Laundry,UPI,2024-08,Thursday,32,8
2024-06-30,344.01,Education,Books_Store,Card,2024-06,Sunday,26,6
2024-10-06,471.4,Education,Udemy,Cash,2024-10,Sunday,40,10
2024-07-30,563.36,Utilities,Laundry,UPI,2024-07,Tuesday,31,7
2024-06-26,172.04,Entertainment,BookMyShow,Cash,2024-06,Wednesday,26,6
2024-10-25,141.93,Transport,Ola,UPI,2024-10,Friday,43,10
2024-07-18,141.88,Transport,Namma_Metro,UPI,2024-07,Thursday,29,7
2024-08-20,152.16,Food,Zomato,Cash,2024-08,Tuesday,34,8
