Date,Amount,Category,Merchant_Name,Payment_Mode
08-08-2024,6759.5,Utilities,PG_Rent,UPI
24-11-2024,141.71,Entertainment,Steam,Cash
08-09-2024,175.7,Food,Subway,UPI
28-09-2024,194.71,Transport,Uber,Cash
21-10-2024,542.0,Education,Coursera,Card
26-09-2024,70.66,Food,Mess_Canteen,UPI
27-09-2024,99.06,Transport,Rapido,UPI
27-10-2024,193.53,Food,CCD,Cash
22-10-2024,846.35,Utilities,PG_Rent,UPI
16-07-2024,93.99,Food,Local_Dhaba,UPI
03-09-2024,108.38,,Namma_Metro,UPI
04-07-2024,772.67,Utilities,Laundry,Cash
25-10-2024,134.95,Food,Subway,Cash
29-08-2024,403.01,Education,Xerox_Shop,UPI
2024/10/28,308.73,Entertainment,BookMyShow,UPI
13-07-2024,3322.0,Entertainment,Steam,Card
08-08-2024,83.94,Transport,Rapido,Cash
17-08-2024,281.16,Entertainment,PVR_Cinemas,UPI
2024/07/03,163.43,Transport,Rapido,UPI
07-08-2024,596.58,Utilities,Laundry,UPI
27-10-2024,167.0,Transport,Ola,Cash
28-08-2024,470.43,Utilities,Airtel,UPI
02-09-2024,594.11,Utilities,PG_Rent,UPI
16-11-2024,523.06,Education,College_Fee,UPI
28-09-2024,199.09,Food,Subway,UPI
05-06-2024,81.45,Transport,Ola,Card
13-09-2024,158.12,Entertainment,Spotify,Card
26-08-2024,506.89,Utilities,Jio_Recharge,UPI
25-08-2024,474.04,Education,Coursera,Card
02-10-2024,364.41,Education,Xerox_Shop,Card
14-10-2024,125.41,Transport,Namma_Metro,Cash
14-06-2024,108.29,Food,Zomato,UPI
21-09-2024,183.89,Food,Swiggy,Cash
28-08-2024,230.81,Food,Subway,UPI
30-06-2024,793.25,Utilities,Laundry,UPI
17-10-2024,572.68,Utilities,EB_Bill,UPI
20-11-2024,384.09,Entertainment,Netflix,Cash
12-11-2024,73.9,transport,Ola,Cash
14-06-2024,182.02,Food,Dominos,UPI
07-08-2024,175.64,Food,Dominos,Card
29-09-2024,220.69,Food,Local_Dhaba,Cash
15-06-2024,464.81,Education,Xerox_Shop,Card
17-10-2024,139.89,Transport,Uber,UPI
2024/06/07,363.03,Entertainment,BookMyShow,UPI
15-10-2024,122.94,Food,Zomato,UPI
02-11-2024,149.45,Food,Mess_Canteen,Cash
27-09-2024,142.06,Transport,Ola,UPI
20-08-2024,269.16,Entertainment,Netflix,UPI
24-07-2024,136.54,Food,CCD,Card
11-07-2024,419.62,Entertainment,Steam,Card
15-09-2024,501.55,Education,College_Fee,UPI
30-09-2024,120.6,Food,CCD,UPI
14-10-2024,861.64,Utilities,PG_Rent,Card
21-06-2024,183.45,Food,Mess_Canteen,UPI
27-08-2024,235.71,Entertainment,PVR_Cinemas,UPI
27-06-2024,596.82,Education,Udemy,UPI
27-06-2024,688.55,Utilities,Airtel,Card
2024/06/14,881.79,Utilities,Laundry,UPI
20-09-2024,496.18,Utilities,PG_Rent,UPI
21-06-2024,742.5,Utilities,Laundry,UPI
24-09-2024,529.48,Education,College_Fee,UPI
24-10-2024,139.14,Food,Subway,UPI
18-10-2024,182.48,Food,Local_Dhaba,Card
21-08-2024,491.86,Education,Coursera,UPI
14-10-2024,219.64,Food,Swiggy,Cash
30-10-2024,256.91,Entertainment,Steam,UPI
30-06-2024,1624.6000000000001,Transport,Rapido,Card
2024/11/17,725.51,Education,Coursera,UPI
10-11-2024,250.32,Food,CCD,Cash
24-07-2024,131.47,Food,Swiggy,Cash
19-06-2024,180.58,Food,Dominos,UPI
14-08-2024,415.06,Entertainment,Netflix,Card
23-07-2024,131.19,Transport,Rapido,UPI
23-10-2024,111.09,Transport,Ola,Cash
10-09-2024,453.63,Education,Books_Store,Card
18-09-2024,86.92,Food,Subway,Cash
25-07-2024,174.22,Food,Local_Dhaba,Cash
06-07-2024,217.48,Food,Dominos,Cash
09-06-2024,1048.6,Transport,Uber,Card
04-06-2024,453.2,Entertainment,Netflix,Card
2024/07/21,306.08,Entertainment,Steam,Card
2024/09/30,134.58,Transport,Uber,UPI
11-10-2024,217.32,Food,Subway,UPI
31-07-2024,555.77,Utilities,Airtel,Card
2024/11/17,139.57,Transport,Rapido,Cash
06-07-2024,160.41,Food,Zomato,UPI
08-10-2024,300.93,Utilities,Airtel,UPI
19-11-2024,137.01,Food,Subway,Card
25-10-2024,108.92,Transport,Ola,UPI
18-08-2024,91.26,Transport,BMTC_Pass,Card
2024/09/13,402.22,Education,Coursera,Cash
04-08-2024,377.35,Utilities,Laundry,UPI
19-10-2024,530.21,Utilities,EB_Bill,UPI
20-08-2024,538.63,Education,Udemy,Card
11-09-2024,155.98,Food,Local_Dhaba,UPI
08-08-2024,484.5,,Rapido,UPI
12-06-2024,502.72,Entertainment,Spotify,UPI
19-11-2024,202.17,Food,Zomato,Card
07-06-2024,148.9,Food,Mess_Canteen,UPI
29-06-2024,287.56,Entertainment,Spotify,UPI
25-07-2024,146.65,Food,CCD,Card
21-07-2024,149.38,Food,Swiggy,Cash
28-08-2024,140.27,Transport,BMTC_Pass,UPI
14-09-2024,214.97,Food,Zomato,Cash
13-09-2024,89.38,Food,Subway,Card
2024/08/05,152.9,Food,CCD,UPI
17-08-2024,387.53,Entertainment,PVR_Cinemas,UPI
10-07-2024,281.8,,Steam,Card
21-07-2024,252.48,Food,Local_Dhaba,UPI
18-10-2024,46.59,Transport,Ola,Cash
09-10-2024,424.48,,College_Fee,UPI
05-09-2024,145.68,Food,Local_Dhaba,UPI
25-07-2024,332.13,Entertainment,Netflix,Card
26-10-2024,550.05,Education,Coursera,UPI
22-10-2024,183.84,food,Mess_Canteen,Card
26-06-2024,86.88,Food,Mess_Canteen,UPI
02-11-2024,79.35,Transport,Rapido,UPI
10-11-2024,593.55,Utilities,Airtel,UPI
27-07-2024,602.64,Utilities,Laundry,Card
07-08-2024,147.85,Food,Local_Dhaba,Cash
19-06-2024,580.42,Utilities,Jio_Recharge,Card
24-06-2024,6505.8,Utilities,Jio_Recharge,Card
2024/06/04,146.84,Food,Mess_Canteen,Cash
30-07-2024,51.98,Transport,Rapido,UPI
16-09-2024,98.21,Food,Subway,UPI
30-06-2024,454.05,Entertainment,Steam,UPI
26-06-2024,487.68,Education,Udemy,UPI
19-08-2024,764.94,Utilities,Laundry,UPI
13-10-2024,281.19,Entertainment,BookMyShow,Card
16-10-2024,119.4,Food,Subway,UPI
09-08-2024,182.08,Food,Subway,UPI
05-10-2024,239.78,Entertainment,BookMyShow,UPI
12-06-2024,161.17,Food,Swiggy,UPI
28-08-2024,177.93,Food,Local_Dhaba,UPI
27-09-2024,365.32,Entertainment,Netflix,UPI
02-08-2024,124.32,Food,Swiggy,UPI
13-08-2024,132.15,Transport,Uber,UPI
02-07-2024,530.69,Utilities,Airtel,UPI
03-08-2024,198.54,Food,Dominos,UPI
2024/06/24,821.34,Education,Books_Store,UPI
07-07-2024,163.88,,Uber,UPI
17-09-2024,298.12,Entertainment,Spotify,UPI
29-10-2024,109.5,Transport,Rapido,UPI
25-09-2024,311.63,Entertainment,BookMyShow,UPI
19-07-2024,375.46,Entertainment,Spotify,Card
08-07-2024,368.13,Entertainment,BookMyShow,UPI
26-10-2024,198.76,Food,CCD,UPI
01-07-2024,117.28,Food,Local_Dhaba,UPI
07-06-2024,167.63,Food,Dominos,Card
18-09-2024,147.95,Food,CCD,UPI
23-07-2024,608.46,Utilities,Jio_Recharge,UPI
09-08-2024,418.57,Entertainment,BookMyShow,Card
2024/11/15,115.84,Food,Zomato,UPI
29-09-2024,375.66,Entertainment,Steam,UPI
06-09-2024,482.65,Education,Udemy,UPI
10-08-2024,219.01,Food,Dominos,Cash
02-10-2024,260.9,Entertainment,Steam,Card
17-11-2024,467.13,Education,Udemy,UPI
03-10-2024,215.4,Food,CCD,UPI
22-08-2024,70.77,Food,Dominos,Card
19-08-2024,219.14,Entertainment,Steam,UPI
12-09-2024,153.9,Food,Swiggy,UPI
09-09-2024,252.95,Entertainment,Netflix,UPI
15-07-2024,145.52,Transport,Rapido,UPI
03-08-2024,805.71,Utilities,EB_Bill,Cash
05-07-2024,154.92,Food,Local_Dhaba,UPI
12-06-2024,95.75,Transport,BMTC_Pass,UPI
01-09-2024,178.94,Food,Zomato,UPI
10-07-2024,610.66,Utilities,Airtel,UPI
17-08-2024,322.9,Entertainment,BookMyShow,Card
20-10-2024,255.77,Food,Dominos,Cash
04-08-2024,71.47,Transport,Namma_Metro,Card
15-10-2024,766.32,Utilities,Laundry,UPI
23-08-2024,534.69,Utilities,Jio_Recharge,Cash
23-11-2024,348.9,Entertainment,PVR_Cinemas,Cash
07-08-2024,395.14,Entertainment,Steam,UPI
25-08-2024,301.41,Food,Local_Dhaba,UPI
26-06-2024,147.18,Food,Subway,UPI
12-09-2024,515.81,,Jio_Recharge,UPI
28-07-2024,216.68,Food,Dominos,UPI
22-09-2024,269.82,Food,Swiggy,Cash
08-06-2024,269.15,Food,Subway,Cash
30-09-2024,610.48,Utilities,EB_Bill,UPI
19-09-2024,480.73,Utilities,EB_Bill,UPI
10-09-2024,403.43,Entertainment,BookMyShow,Card
01-08-2024,561.48,Utilities,EB_Bill,Card
2024/09/06,252.25,Entertainment,Steam,UPI
11-11-2024,417.34,Utilities,Jio_Recharge,Card
26-10-2024,256.9,Food,Zomato,UPI
07-08-2024,118.75,Transport,Uber,UPI
13-09-2024,192.98,Food,Local_Dhaba,UPI
29-08-2024,246.89,Food,Zomato,UPI
28-07-2024,5578.6,Utilities,PG_Rent,UPI
09-07-2024,238.62,Entertainment,BookMyShow,UPI
15-11-2024,802.01,Education,Coursera,UPI
14-09-2024,303.17,Entertainment,PVR_Cinemas,Cash
16-08-2024,139.01,Food,Mess_Canteen,UPI
19-11-2024,123.3,Transport,Namma_Metro,UPI
12-11-2024,101.33,Food,CCD,UPI
07-06-2024,358.29,Entertainment,BookMyShow,Cash
2024/10/03,159.63,Food,Zomato,UPI
17-07-2024,158.96,Food,Subway,Card
25-09-2024,212.28,Entertainment,Netflix,UPI
18-06-2024,350.38,Entertainment,PVR_Cinemas,UPI
14-11-2024,151.91,Entertainment,BookMyShow,Cash
03-09-2024,433.82,Utilities,Airtel,Cash
04-10-2024,721.47,Utilities,PG_Rent,UPI
27-11-2024,179.63,,Subway,UPI
11-09-2024,95.06,Transport,Ola,UPI
11-09-2024,248.57,Food,Zomato,UPI
15-08-2024,159.56,Transport,Namma_Metro,UPI
22-07-2024,577.26,Education,Books_Store,UPI
17-11-2024,149.62,Food,Subway,Cash
18-09-2024,179.04,food,Swiggy,UPI
11-07-2024,48.06,Transport,Namma_Metro,UPI
29-10-2024,193.38,Food,Local_Dhaba,UPI
27-07-2024,97.05,Transport,Namma_Metro,Cash
22-08-2024,366.96,Utilities,EB_Bill,Card
18-08-2024,225.09,Entertainment,Spotify,Card
20-10-2024,135.91,Food,Subway,Card
25-09-2024,201.69,Food,Dominos,UPI
19-06-2024,123.52,Transport,BMTC_Pass,UPI
20-11-2024,169.63,Food,Subway,Cash
17-09-2024,321.78,Entertainment,Steam,Cash
2024/11/04,177.35,Transport,Uber,UPI
03-08-2024,218.88,Food,Local_Dhaba,UPI
13-06-2024,819.96,Education,College_Fee,Card
29-07-2024,175.95,Food,Mess_Canteen,Cash
30-06-2024,158.56,Food,Zomato,UPI
23-08-2024,148.31,Food,CCD,UPI
14-06-2024,511.12,Utilities,PG_Rent,Card
18-11-2024,76.4,Transport,Namma_Metro,UPI
2024/10/20,216.33,Food,CCD,UPI
20-08-2024,534.76,Utilities,Laundry,Card
15-09-2024,117.69,Transport,BMTC_Pass,Cash
22-10-2024,294.36,Entertainment,Netflix,Card
18-08-2024,133.83,Transport,Namma_Metro,UPI
08-10-2024,137.93,Transport,Namma_Metro,Card
11-08-2024,71.6,Transport,Ola,UPI
22-06-2024,102.11,Entertainment,PVR_Cinemas,UPI
16-06-2024,222.74,Food,Swiggy,UPI
06-06-2024,824.3,Utilities,Laundry,UPI
31-07-2024,97.58,Transport,Uber,Card
28-06-2024,70.76,Food,Subway,UPI
15-11-2024,100.34,Food,Mess_Canteen,Cash
24-06-2024,415.66,Education,College_Fee,Cash
03-08-2024,435.97,Education,College_Fee,UPI
13-06-2024,819.96,Education,College_Fee,Card
26-06-2024,75.44,Transport,BMTC_Pass,UPI
13-09-2024,148.19,Food,Local_Dhaba,Cash
09-08-2024,142.04,Food,Subway,UPI
17-11-2024,684.85,Utilities,EB_Bill,Cash
01-07-2024,118.81,Transport,BMTC_Pass,UPI
24-07-2024,200.28,Food,Subway,UPI
24-06-2024,729.27,Education,College_Fee,Cash
30-07-2024,26.72,Transport,Ola,Card
19-11-2024,120.94,Transport,Uber,Card
13-07-2024,203.63,Food,Subway,UPI
23-11-2024,229.97,Food,CCD,Cash
05-11-2024,633.24,Utilities,PG_Rent,UPI
11-10-2024,219.77,Food,Swiggy,UPI
15-07-2024,303.22,Education,Books_Store,Card
17-11-2024,150.47,food,Zomato,Card
30-06-2024,577.65,Education,Udemy,UPI
10-06-2024,707.64,Education,Books_Store,Card
25-09-2024,245.49,Entertainment,Steam,UPI
06-11-2024,331.68,Entertainment,Netflix,Card
11-07-2024,95.65,Transport,Rapido,UPI
14-08-2024,127.83,Transport,Uber,Card
08-06-2024,144.76,Entertainment,Netflix,Card
15-08-2024,191.91,Food,Dominos,Cash
03-07-2024,112.03,Transport,Namma_Metro,Cash
2024/09/24,186.48,Transport,BMTC_Pass,UPI
12-09-2024,193.88,Food,Subway,Cash
28-09-2024,230.71,Food,Subway,Cash
03-11-2024,559.17,Education,Udemy,Cash
2024/08/01,167.21,Food,Dominos,UPI
20-11-2024,116.91,Education,Udemy,Cash
10-11-2024,241.03,Food,Swiggy,Cash
11-09-2024,106.66,Transport,BMTC_Pass,UPI
04-08-2024,150.93,Food,Subway,UPI
2024/11/24,634.28,Education,Udemy,UPI
24-11-2024,378.26,Entertainment,Spotify,UPI
02-10-2024,143.25,Food,Zomato,UPI
2024/11/21,750.04,Utilities,Airtel,UPI
04-06-2024,73.82,Food,Local_Dhaba,Cash
04-10-2024,520.98,Entertainment,BookMyShow,UPI
11-08-2024,354.26,Education,Books_Store,Cash
07-10-2024,635.57,Utilities,Laundry,UPI
11-08-2024,430.23,Entertainment,PVR_Cinemas,UPI
2024/06/07,416.95,Education,College_Fee,Cash
17-08-2024,108.85,Entertainment,BookMyShow,UPI
06-11-2024,50.5,Food,Swiggy,Card
2024/07/31,2404.4,Entertainment,PVR_Cinemas,UPI
03-09-2024,82.31,Transport,Ola,Card
07-10-2024,143.97,Food,Local_Dhaba,UPI
04-07-2024,676.89,Education,Books_Store,UPI
30-08-2024,660.2,Utilities,EB_Bill,Card
25-07-2024,107.8,Food,Dominos,UPI
27-07-2024,229.91,Food,Subway,Card
05-11-2024,308.65,Entertainment,Spotify,UPI
29-06-2024,705.55,Utilities,EB_Bill,UPI
23-06-2024,192.15,Food,Swiggy,Cash
18-06-2024,175.68,Food,Local_Dhaba,UPI
17-08-2024,260.1,Entertainment,Netflix,UPI
26-10-2024,129.74,Transport,Rapido,UPI
03-07-2024,143.77,Food,Swiggy,UPI
05-07-2024,78.73,Transport,Rapido,Card
15-08-2024,493.06,Entertainment,Spotify,Cash
02-07-2024,182.74,Food,Mess_Canteen,UPI
16-10-2024,658.34,Utilities,PG_Rent,Card
19-11-2024,721.3,Education,Books_Store,UPI
18-08-2024,145.7,Transport,Namma_Metro,UPI
04-06-2024,157.23,Food,Dominos,Card
15-11-2024,127.31,Entertainment,BookMyShow,Cash
19-11-2024,163.47,Food,Local_Dhaba,UPI
21-10-2024,84.14,Food,Local_Dhaba,UPI
07-10-2024,707.06,Utilities,Laundry,UPI
05-10-2024,181.99,,Zomato,Cash
17-09-2024,583.75,Education,College_Fee,Card
29-10-2024,77.43,Food,CCD,Cash
05-10-2024,160.44,Entertainment,PVR_Cinemas,Cash
20-10-2024,301.4,Entertainment,Netflix,Cash
12-07-2024,457.98,Entertainment,PVR_Cinemas,Cash
27-08-2024,170.66,Food,Zomato,Cash
2024/08/10,251.77,,Coursera,UPI
24-11-2024,240.88,Entertainment,BookMyShow,UPI
06-06-2024,335.4,Entertainment,BookMyShow,UPI
12-09-2024,125.91,Food,Zomato,Cash
13-08-2024,82.36,Food,Mess_Canteen,UPI
21-09-2024,198.81,Food,Zomato,UPI
16-08-2024,271.17,Education,Xerox_Shop,UPI
01-06-2024,492.96,Education,Udemy,Cash
06-09-2024,145.54,Food,Local_Dhaba,UPI
11-07-2024,378.76,Education,Books_Store,UPI
21-08-2024,194.18,Food,Mess_Canteen,UPI
30-06-2024,174.73,Food,Local_Dhaba,UPI
10-07-2024,123.63,Entertainment,Netflix,UPI
29-08-2024,419.04,Education,Books_Store,UPI
05-09-2024,119.54,Food,CCD,Cash
23-11-2024,308.94,Entertainment,Netflix,UPI
14-10-2024,152.55,Food,Dominos,Cash
31-07-2024,155.86,Transport,Rapido,Cash
09-11-2024,93.71,Transport,Namma_Metro,Cash
09-06-2024,127.8,Entertainment,Netflix,UPI
10-06-2024,172.96,Transport,Uber,Cash
31-10-2024,112.24,Food,Zomato,Card
19-07-2024,1053.9,Food,Dominos,UPI
2024/10/01,106.63,Transport,Ola,Cash
30-09-2024,209.27,Entertainment,PVR_Cinemas,Cash
23-09-2024,508.36,Education,Xerox_Shop,UPI
08-11-2024,941.42,Utilities,Airtel,Cash
2024/10/07,376.9,Education,Udemy,Card
26-11-2024,178.46,Food,Local_Dhaba,UPI
09-07-2024,200.7,Food,Local_Dhaba,UPI
10-10-2024,132.47,Transport,Uber,Cash
14-11-2024,127.05,Transport,Rapido,Card
19-10-2024,259.36,Food,CCD,Cash
18-06-2024,311.27,Entertainment,Spotify,Card
07-06-2024,961.83,Education,Xerox_Shop,UPI
13-09-2024,402.22,Education,Coursera,Cash
10-10-2024,633.56,Utilities,Jio_Recharge,UPI
19-09-2024,178.52,Food,CCD,Cash
03-10-2024,118.66,Transport,Uber,Cash
26-06-2024,162.65,Food,Zomato,UPI
19-08-2024,764.94,Utilities,Laundry,UPI
09-08-2024,172.31,Food,Dominos,UPI
15-06-2024,374.7,Education,Xerox_Shop,Card
23-11-2024,338.29,Entertainment,PVR_Cinemas,Cash
22-10-2024,466.13,Education,Xerox_Shop,Cash
21-07-2024,249.59,,Xerox_Shop,UPI
29-10-2024,140.36,Transport,Ola,Cash
2024/10/17,150.59,Food,Swiggy,UPI
19-07-2024,383.51,Entertainment,BookMyShow,UPI
23-08-2024,119.45,Transport,Uber,UPI
25-07-2024,151.1,Food,Zomato,UPI
31-08-2024,278.22,Education,College_Fee,UPI
05-08-2024,173.4,Entertainment,Spotify,UPI
27-09-2024,598.15,Education,Xerox_Shop,UPI
08-10-2024,158.91,Transport,Ola,Card
03-06-2024,321.04,Entertainment,PVR_Cinemas,UPI
20-11-2024,204.05,Food,Local_Dhaba,UPI
19-10-2024,737.9,Education,Coursera,Card
27-06-2024,134.25,Transport,Uber,UPI
05-06-2024,283.44,Entertainment,PVR_Cinemas,UPI
23-11-2024,224.75,Food,Local_Dhaba,Cash
07-08-2024,317.31,Utilities,PG_Rent,Cash
03-10-2024,482.79,Education,College_Fee,UPI
15-09-2024,188.55,Food,Local_Dhaba,UPI
17-10-2024,346.35,,Netflix,Card
2024/09/01,202.94,Food,Dominos,Cash
14-11-2024,62.16,Food,Dominos,Cash
16-11-2024,481.86,Education,College_Fee,Cash
2024/11/08,599.35,Utilities,PG_Rent,Cash
29-07-2024,746.25,Utilities,EB_Bill,Card
04-09-2024,143.45,Transport,Rapido,UPI
21-06-2024,486.76,Education,Coursera,UPI
18-08-2024,585.89,Education,Xerox_Shop,UPI
24-10-2024,376.18,Education,Coursera,UPI
24-07-2024,98.42,Transport,Rapido,Cash
17-10-2024,153.46,Food,CCD,Cash
12-10-2024,69.33,Transport,BMTC_Pass,UPI
09-10-2024,58.28,Food,Zomato,UPI
13-07-2024,343.79,Entertainment,BookMyShow,UPI
22-08-2024,89.51,Transport,Namma_Metro,UPI
2024/09/11,130.01,Food,Local_Dhaba,UPI
30-09-2024,352.97,Entertainment,Netflix,UPI
08-11-2024,119.94,Food,Mess_Canteen,Cash
05-10-2024,1013.8,Utilities,PG_Rent,UPI
14-06-2024,180.29,Food,Mess_Canteen,UPI
22-07-2024,538.4,Education,Udemy,Cash
08-08-2024,206.51,Food,Subway,Card
29-06-2024,296.96,Food,Swiggy,UPI
17-06-2024,119.13,Transport,BMTC_Pass,UPI
08-11-2024,107.43,Transport,BMTC_Pass,UPI
24-09-2024,875.32,Utilities,Jio_Recharge,UPI
14-11-2024,75.87,Transport,Uber,Card
03-11-2024,394.83,Entertainment,BookMyShow,Card
05-11-2024,140.86,Food,Subway,Card
17-08-2024,357.17,Entertainment,Steam,UPI
29-07-2024,182.19,Transport,Rapido,UPI
12-08-2024,450.88,,PVR_Cinemas,Cash
28-08-2024,155.65,Food,Dominos,UPI
18-07-2024,712.34,Utilities,Airtel,UPI
07-07-2024,654.28,Utilities,PG_Rent,UPI
15-09-2024,313.54,Entertainment,Steam,UPI
19-07-2024,170.77,Entertainment,Steam,UPI
19-07-2024,492.46,Education,Books_Store,UPI
22-06-2024,3016.6000000000004,Entertainment,Spotify,UPI
06-09-2024,164.39,Food,CCD,UPI
25-08-2024,517.35,Education,Coursera,Cash
19-08-2024,165.23,Food,Zomato,UPI
06-11-2024,211.28,,Netflix,Cash
24-10-2024,126.28,Transport,Uber,Card
29-06-2024,137.05,Transport,Namma_Metro,Cash
23-08-2024,583.67,Education,Xerox_Shop,UPI
11-10-2024,261.47,Entertainment,BookMyShow,Card
23-09-2024,455.37,Education,Udemy,UPI
16-11-2024,634.57,Utilities,PG_Rent,Card
21-06-2024,317.81,Entertainment,PVR_Cinemas,UPI
29-10-2024,95.09,Transport,Rapido,Cash
26-10-2024,428.76,Education,Xerox_Shop,UPI
03-08-2024,512.63,Utilities,EB_Bill,UPI
05-06-2024,147.12,Transport,Rapido,UPI
01-08-2024,122.83,Transport,Namma_Metro,UPI
15-08-2024,195.28,Food,Mess_Canteen,UPI
07-07-2024,195.94,Food,Subway,UPI
01-07-2024,111.47,Transport,Uber,Card
08-11-2024,89.79,Transport,Uber,Card
22-08-2024,135.27,Transport,Rapido,Card
16-10-2024,384.05,Education,Books_Store,Cash
26-07-2024,83.54,Transport,Namma_Metro,UPI
17-11-2024,233.15,Food,CCD,Cash
22-11-2024,901.99,Utilities,Jio_Recharge,Cash
01-08-2024,372.98,Education,Xerox_Shop,UPI
25-06-2024,409.16,Education,Books_Store,Card
10-06-2024,70.22,Transport,Uber,UPI
16-06-2024,357.68,Entertainment,Netflix,UPI
28-07-2024,229.95,Entertainment,BookMyShow,Cash
31-08-2024,643.34,Utilities,Jio_Recharge,Cash
24-10-2024,166.7,Food,CCD,Cash
11-11-2024,177.61,Entertainment,Netflix,Cash
20-10-2024,144.79,Food,Dominos,Cash
10-08-2024,408.75,,Steam,UPI
2024/07/31,232.17,,Subway,Card
26-08-2024,317.72,Entertainment,BookMyShow,UPI
07-09-2024,266.42,Food,Local_Dhaba,UPI
23-11-2024,518.99,Utilities,Laundry,UPI
22-11-2024,662.36,,PG_Rent,UPI
13-07-2024,178.35,Entertainment,Steam,Cash
29-10-2024,116.1,Food,CCD,Cash
07-09-2024,116.0,Transport,Namma_Metro,UPI
03-08-2024,234.27,Food,Dominos,UPI
2024/11/11,135.26,Food,Local_Dhaba,UPI
16-09-2024,94.91,Food,CCD,Cash
17-09-2024,234.46,Food,Local_Dhaba,UPI
06-06-2024,102.98,Food,Local_Dhaba,UPI
25-09-2024,175.37,,BMTC_Pass,Cash
07-07-2024,200.35,Food,Swiggy,UPI
02-10-2024,166.42,Food,Zomato,Cash
25-11-2024,886.0,Education,College_Fee,UPI
21-10-2024,99.48,Food,Zomato,UPI
23-10-2024,169.67,Entertainment,PVR_Cinemas,Cash
12-06-2024,80.17,Transport,Namma_Metro,Cash
06-11-2024,136.09,Food,Subway,Card
24-07-2024,412.54,Education,College_Fee,UPI
2024/07/26,102.38,Transport,BMTC_Pass,UPI
27-11-2024,314.9,Utilities,Jio_Recharge,UPI
23-11-2024,870.24,Utilities,PG_Rent,Card
19-06-2024,203.78,Food,CCD,UPI
2024/06/13,291.3,Entertainment,PVR_Cinemas,UPI
11-06-2024,102.58,Transport,Namma_Metro,Cash
07-10-2024,452.72,Utilities,Airtel,Card
13-08-2024,553.37,Utilities,PG_Rent,UPI
15-06-2024,149.29,Transport,Uber,UPI
17-06-2024,160.24,Food,Local_Dhaba,Cash
05-08-2024,121.23,Transport,Uber,UPI
06-08-2024,131.09,Food,Dominos,UPI
12-08-2024,828.47,Education,College_Fee,UPI
10-11-2024,182.98,Transport,Uber,UPI
21-06-2024,644.09,Utilities,Laundry,UPI
22-09-2024,280.34,Education,Xerox_Shop,Cash
04-11-2024,171.98,Transport,Namma_Metro,UPI
21-09-2024,214.27,Food,Mess_Canteen,UPI
2024/11/23,256.05,Food,Swiggy,Card
08-06-2024,196.22,Food,Swiggy,UPI
18-08-2024,643.8,Utilities,EB_Bill,Card
2024/10/02,627.44,Education,Udemy,Cash
22-11-2024,163.36,,Swiggy,Cash
01-06-2024,2413.3,Food,Dominos,Cash
30-08-2024,414.02,Entertainment,Steam,UPI
2024/07/28,252.26,Food,Mess_Canteen,Cash
2024/08/02,464.88,Education,Udemy,UPI
21-11-2024,337.84,Education,Books_Store,Cash
29-09-2024,100.34,Transport,Namma_Metro,UPI
11-07-2024,114.75,Food,Local_Dhaba,UPI
14-10-2024,861.64,Utilities,PG_Rent,Card
31-10-2024,75.69,Transport,Rapido,Card
11-08-2024,222.4,,Swiggy,UPI
16-10-2024,103.36,Transport,BMTC_Pass,Cash
06-09-2024,387.18,Entertainment,Steam,UPI
14-09-2024,413.66,Utilities,PG_Rent,UPI
21-06-2024,1060.48,Utilities,Airtel,UPI
06-11-2024,166.9,Entertainment,BookMyShow,UPI
21-11-2024,191.36,Food,Zomato,Cash
04-11-2024,760.13,Utilities,Airtel,UPI
17-07-2024,103.96,Transport,Uber,UPI
16-06-2024,233.51,Food,Mess_Canteen,Cash
20-08-2024,188.59,Food,Local_Dhaba,Cash
2024/09/07,80.17,Transport,Uber,UPI
22-09-2024,108.26,Transport,Uber,UPI
06-10-2024,53.9,Transport,Uber,UPI
2024/07/11,199.24,Food,Local_Dhaba,UPI
13-09-2024,195.18,Transport,Rapido,Card
31-07-2024,119.53,Food,CCD,UPI
04-10-2024,445.71,Utilities,Jio_Recharge,Cash
09-10-2024,808.46,Utilities,PG_Rent,UPI
2024/11/13,97.54,Transport,BMTC_Pass,Cash
13-08-2024,709.87,Utilities,EB_Bill,Cash
04-07-2024,298.33,Entertainment,Netflix,Card
16-07-2024,320.32,Education,Xerox_Shop,Cash
2024/08/15,508.74,Entertainment,BookMyShow,UPI
19-09-2024,128.06,Food,Mess_Canteen,UPI
12-11-2024,158.61,Transport,Rapido,Cash
12-07-2024,187.22,Food,CCD,UPI
20-09-2024,77.11,Transport,BMTC_Pass,UPI
24-08-2024,444.66,Entertainment,Netflix,Cash
27-10-2024,188.15,Food,Swiggy,UPI
19-11-2024,183.81,Food,Zomato,Card
14-10-2024,128.06,Transport,Uber,UPI
20-10-2024,645.74,Education,Udemy,Cash
20-08-2024,253.41,Entertainment,PVR_Cinemas,UPI
25-11-2024,634.24,,Xerox_Shop,UPI
14-09-2024,257.83,food,Zomato,UPI
24-10-2024,162.02,Food,Subway,Cash
24-06-2024,331.3,Education,Books_Store,Cash
03-08-2024,665.99,Utilities,Jio_Recharge,UPI
31-07-2024,411.25,Entertainment,Steam,UPI
03-11-2024,536.57,Education,Coursera,UPI
15-09-2024,727.5,Utilities,Laundry,UPI
2024/08/09,144.85,Food,CCD,UPI
16-09-2024,192.11,Food,Subway,UPI
01-10-2024,589.27,Education,Xerox_Shop,Card
29-06-2024,572.37,Education,Udemy,Cash
29-10-2024,611.57,Utilities,EB_Bill,Cash
25-08-2024,642.41,Utilities,Jio_Recharge,UPI
18-11-2024,234.43,food,Dominos,Cash
05-08-2024,120.78,Food,CCD,UPI
28-09-2024,240.0,food,CCD,Cash
06-07-2024,131.58,Transport,BMTC_Pass,UPI
03-10-2024,582.06,Education,Udemy,Cash
19-09-2024,102.57,Transport,Namma_Metro,UPI
16-10-2024,148.48,,Uber,Cash
03-06-2024,138.79,Transport,Ola,Card
28-07-2024,116.24,Entertainment,Steam,UPI
16-08-2024,99.23,Transport,Rapido,UPI
01-09-2024,155.55,Food,Subway,Card
13-09-2024,373.04,Utilities,Airtel,UPI
14-08-2024,120.63,Food,Mess_Canteen,UPI
24-06-2024,121.96,Food,Subway,Cash
12-09-2024,370.94,Education,Books_Store,UPI
26-09-2024,169.21,Transport,BMTC_Pass,UPI
22-08-2024,249.22,Entertainment,Spotify,UPI
08-07-2024,159.8,Transport,Namma_Metro,Card
26-09-2024,603.52,Education,Udemy,Cash
21-11-2024,114.14,Food,Local_Dhaba,Card
30-06-2024,304.37,Entertainment,Netflix,UPI
16-11-2024,536.73,,Airtel,Card
10-08-2024,386.86,Education,Xerox_Shop,UPI
02-08-2024,491.36,Education,College_Fee,Cash
09-11-2024,124.4,Transport,Uber,Card
01-09-2024,174.03,Transport,Ola,UPI
04-06-2024,474.93,,Coursera,UPI
04-08-2024,187.18,Food,Subway,Cash
02-11-2024,260.84,Education,Coursera,UPI
2024/08/09,126.78,Food,Zomato,Cash
19-07-2024,153.04,Transport,BMTC_Pass,UPI
24-11-2024,306.84,Entertainment,Steam,UPI
03-08-2024,162.35,Food,CCD,Card
01-11-2024,241.37,Entertainment,PVR_Cinemas,UPI
28-09-2024,211.53,Food,CCD,UPI
16-10-2024,211.91,Food,Subway,UPI
02-08-2024,606.16,Education,Xerox_Shop,Cash
05-08-2024,556.99,Utilities,Airtel,Cash
2024/11/18,107.71,Food,Local_Dhaba,UPI
13-09-2024,114.8,Transport,Uber,UPI
28-10-2024,160.44,Food,Swiggy,Cash
26-11-2024,293.56,Entertainment,BookMyShow,UPI
18-11-2024,462.61,Utilities,Airtel,UPI
04-08-2024,116.44,Transport,BMTC_Pass,Card
20-11-2024,125.35,Transport,Rapido,UPI
2024/11/20,496.23,Utilities,PG_Rent,UPI
16-11-2024,263.38,Food,Dominos,UPI
08-08-2024,48.45,,Rapido,UPI
11-10-2024,184.15,Food,Zomato,UPI
13-11-2024,326.03,Entertainment,BookMyShow,Cash
28-06-2024,316.64,Entertainment,BookMyShow,UPI
02-09-2024,137.09,Transport,Uber,Cash
26-11-2024,155.28,Food,Zomato,UPI
01-07-2024,320.14,Entertainment,BookMyShow,Card
17-10-2024,503.15,Education,Books_Store,UPI
18-10-2024,139.53,Transport,Ola,Card
23-10-2024,469.3,,Spotify,Cash
01-09-2024,265.62,Food,CCD,UPI
06-10-2024,238.6,Food,Subway,Card
04-07-2024,327.79,Entertainment,Netflix,UPI
08-07-2024,219.39,Food,Mess_Canteen,UPI
30-06-2024,655.99,Education,Udemy,Cash
04-06-2024,197.88,Transport,Rapido,UPI
03-10-2024,133.13,Food,Subway,Card
13-11-2024,216.51,Food,Subway,UPI
20-11-2024,346.58,Education,Coursera,Card
20-07-2024,184.6,Transport,BMTC_Pass,Cash
27-07-2024,185.65,Utilities,Jio_Recharge,UPI
11-06-2024,113.0,Food,Local_Dhaba,Cash
09-07-2024,726.21,Utilities,EB_Bill,UPI
22-09-2024,252.2,Food,CCD,Cash
01-10-2024,441.97,Entertainment,PVR_Cinemas,UPI
2024/09/30,147.68,Entertainment,BookMyShow,UPI
2024/08/16,225.55,Entertainment,BookMyShow,UPI
22-09-2024,719.18,Utilities,Jio_Recharge,UPI
17-07-2024,249.47,,Local_Dhaba,UPI
29-10-2024,142.48,,Swiggy,UPI
23-11-2024,287.25,Education,Xerox_Shop,Cash
06-06-2024,177.61,Food,Swiggy,Card
08-09-2024,457.7,Entertainment,Spotify,Card
23-08-2024,125.41,Transport,Uber,Cash
21-06-2024,142.02,Transport,BMTC_Pass,Card
02-07-2024,866.86,Education,College_Fee,UPI
26-08-2024,263.89,Utilities,Laundry,UPI
13-11-2024,750.11,Utilities,Airtel,UPI
09-11-2024,571.85,Education,Udemy,UPI
04-10-2024,94.8,Transport,Namma_Metro,Cash
30-06-2024,214.55,Entertainment,BookMyShow,Cash
31-10-2024,362.2,Education,Coursera,Card
13-11-2024,106.21,Food,Mess_Canteen,Card
13-09-2024,142.22,Food,Dominos,UPI
22-08-2024,712.62,Utilities,Jio_Recharge,Cash
01-09-2024,329.81,Entertainment,PVR_Cinemas,UPI
07-11-2024,439.82,Education,Books_Store,Card
08-10-2024,87.98,Transport,Rapido,Cash
28-07-2024,194.31,Food,Local_Dhaba,UPI
26-11-2024,204.81,Entertainment,Spotify,UPI
23-08-2024,300.46,Entertainment,PVR_Cinemas,UPI
18-06-2024,92.38,Transport,Uber,UPI
19-09-2024,271.17,Entertainment,PVR_Cinemas,Cash
10-06-2024,160.08,Food,Subway,UPI
24-06-2024,153.09,Food,Subway,UPI
26-10-2024,113.39,Entertainment,PVR_Cinemas,Card
02-10-2024,61.1,Food,CCD,Cash
01-06-2024,599.43,Education,Books_Store,Card
01-08-2024,685.18,Utilities,Airtel,UPI
18-07-2024,263.71,Food,CCD,Cash
04-10-2024,146.87,Transport,BMTC_Pass,UPI
10-07-2024,172.68,Food,Mess_Canteen,UPI
03-09-2024,527.5,Education,Books_Store,UPI
10-09-2024,509.03,Education,College_Fee,UPI
20-08-2024,108.83,Transport,BMTC_Pass,Cash
09-11-2024,731.88,Utilities,PG_Rent,Cash
07-08-2024,208.04,Food,Mess_Canteen,UPI
30-10-2024,657.35,Education,Udemy,UPI
2024/10/10,1647.1000000000001,Food,Swiggy,Cash
03-07-2024,369.68,Utilities,Laundry,Cash
27-11-2024,122.48,Food,CCD,Cash
25-09-2024,457.9,,College_Fee,UPI
21-09-2024,582.85,Utilities,Jio_Recharge,UPI
17-10-2024,100.31,Transport,Namma_Metro,UPI
21-07-2024,181.36,Food,Mess_Canteen,Card
20-09-2024,128.0,Transport,BMTC_Pass,Card
25-06-2024,490.99,Entertainment,Netflix,UPI
28-06-2024,116.9,Food,Subway,UPI
10-11-2024,337.84,Education,Xerox_Shop,Cash
10-09-2024,126.13,Transport,Ola,UPI
16-09-2024,301.03,Utilities,EB_Bill,UPI
22-11-2024,180.14,Food,Subway,Cash
06-09-2024,159.29,Transport,Rapido,UPI
13-08-2024,172.86,food,Subway,Card
02-07-2024,162.86,Transport,Rapido,UPI
02-07-2024,122.05,Transport,Namma_Metro,Cash
06-07-2024,294.21,Education,Udemy,UPI
15-10-2024,315.99,,Spotify,UPI
04-10-2024,106.85,Transport,Rapido,Card
13-06-2024,118.0,Transport,Ola,UPI
26-10-2024,162.91,Entertainment,PVR_Cinemas,UPI
2024/11/11,104.46,Food,Zomato,UPI
08-08-2024,276.84,Entertainment,Steam,UPI
17-09-2024,207.5,Food,Subway,Cash
28-06-2024,159.35,Food,Mess_Canteen,Cash
26-06-2024,624.58,Utilities,PG_Rent,Card
27-11-2024,86.4,Transport,Namma_Metro,Card
15-09-2024,182.5,Food,Subway,Card
07-09-2024,200.86,Food,Local_Dhaba,Card
07-08-2024,717.67,Education,Coursera,UPI
2024/08/07,101.96,Food,Dominos,Cash
23-09-2024,150.46,Food,Swiggy,UPI
06-10-2024,119.05,Transport,Ola,UPI
04-10-2024,621.65,Utilities,Laundry,UPI
12-08-2024,32.74,Transport,BMTC_Pass,UPI
07-06-2024,126.55,Transport,Namma_Metro,UPI
19-06-2024,250.33,Entertainment,BookMyShow,UPI
14-08-2024,422.06,Entertainment,PVR_Cinemas,UPI
13-08-2024,329.78,Entertainment,Spotify,Card
11-08-2024,491.96,Utilities,PG_Rent,Cash
15-08-2024,212.56,Food,Subway,UPI
08-08-2024,115.96,Transport,Ola,UPI
20-06-2024,118.74,Transport,Rapido,UPI
30-08-2024,334.97,Entertainment,Netflix,Card
17-08-2024,2421.9,Food,Subway,UPI
24-08-2024,229.27,Education,Books_Store,Card
04-07-2024,383.95,Utilities,Airtel,Cash
2024/09/21,515.63,Education,Books_Store,Card
26-07-2024,623.81,Education,Xerox_Shop,UPI
01-07-2024,424.69,Education,Xerox_Shop,UPI
31-07-2024,252.28,Entertainment,Netflix,Cash
08-09-2024,174.14,Transport,BMTC_Pass,UPI
08-07-2024,201.74,Transport,BMTC_Pass,UPI
06-09-2024,194.69,Entertainment,BookMyShow,UPI
10-07-2024,210.92,Food,Local_Dhaba,Cash
18-06-2024,438.49,Utilities,PG_Rent,Cash
28-07-2024,467.98,Education,College_Fee,Cash
2024/07/04,73.31,Transport,Uber,Cash
17-09-2024,122.42,Food,Zomato,UPI
03-11-2024,169.09,Food,Zomato,UPI
04-08-2024,482.76,Utilities,Laundry,Card
31-10-2024,597.8,Utilities,Airtel,Cash
2024/11/06,92.39,Food,Mess_Canteen,Cash
20-11-2024,147.32,Food,Mess_Canteen,Cash
26-08-2024,210.93,Entertainment,BookMyShow,UPI
25-10-2024,361.84,Utilities,Jio_Recharge,UPI
30-08-2024,153.92,Food,Subway,UPI
30-07-2024,390.32,Entertainment,Spotify,UPI
20-07-2024,623.07,Education,Xerox_Shop,UPI
02-09-2024,734.7,Education,Udemy,UPI
17-08-2024,173.06,food,CCD,Card
12-06-2024,133.27,Transport,Namma_Metro,UPI
23-10-2024,137.54,Food,Dominos,UPI
29-09-2024,765.3,Utilities,Jio_Recharge,Cash
18-09-2024,191.97,Food,Local_Dhaba,Card
16-06-2024,290.71,Food,CCD,Card
23-07-2024,133.75,Transport,Namma_Metro,Card
2024/06/26,138.63,Food,Dominos,Cash
24-06-2024,106.03,Transport,Uber,UPI
03-11-2024,186.34,Food,Swiggy,UPI
17-10-2024,150.83,Food,Subway,UPI
22-11-2024,193.37,Food,Zomato,UPI
09-08-2024,94.73,Transport,Uber,Card
24-06-2024,157.71,,Swiggy,UPI
07-11-2024,312.33,,Xerox_Shop,UPI
01-11-2024,78.85,Transport,Ola,UPI
21-06-2024,85.14,Transport,Uber,UPI
14-11-2024,640.74,Education,Xerox_Shop,UPI
20-10-2024,251.72,Food,Swiggy,Cash
2024/11/19,153.7,Food,Swiggy,Card
12-07-2024,25.69,Transport,Uber,Card
01-08-2024,476.01,Education,Coursera,Cash
29-10-2024,168.86,Food,Subway,UPI
31-10-2024,124.63,Food,CCD,UPI
2024/09/28,224.69,Food,Zomato,Card
09-06-2024,104.86,Transport,Uber,Card
12-06-2024,330.93,Entertainment,Spotify,UPI
09-07-2024,490.14,Education,College_Fee,Cash
10-09-2024,989.7,Utilities,Jio_Recharge,Cash
13-10-2024,92.86,Transport,Namma_Metro,Cash
11-06-2024,580.48,,Xerox_Shop,UPI
15-08-2024,125.0,Food,Subway,UPI
17-08-2024,339.36,Utilities,Jio_Recharge,Card
04-09-2024,541.5,Education,Udemy,Card
03-10-2024,153.3,Food,Mess_Canteen,Card
01-06-2024,735.97,Utilities,Airtel,UPI
01-11-2024,908.03,,Xerox_Shop,UPI
14-10-2024,195.33,Transport,Rapido,UPI
23-09-2024,121.3,Food,CCD,UPI
26-06-2024,75.22,Transport,Ola,Cash
10-11-2024,254.84,Entertainment,PVR_Cinemas,Card
14-11-2024,110.18,Food,Mess_Canteen,Card
09-11-2024,499.39,Utilities,EB_Bill,UPI
08-11-2024,175.8,Transport,Rapido,UPI
20-10-2024,551.97,Education,Udemy,Card
2024/10/11,176.66,Transport,Ola,UPI
13-08-2024,121.76,Transport,Namma_Metro,UPI
15-06-2024,329.17,Entertainment,Spotify,Cash
2024/07/25,736.94,Education,Udemy,Cash
02-06-2024,466.71,Entertainment,BookMyShow,Card
14-07-2024,131.63,Entertainment,Steam,UPI
2024/06/18,545.4,Education,College_Fee,Card
20-07-2024,786.76,Utilities,Laundry,UPI
09-08-2024,117.46,Transport,BMTC_Pass,Cash
27-11-2024,197.23,Food,Dominos,Card
08-09-2024,823.6,Education,Xerox_Shop,Cash
16-08-2024,109.38,Transport,Namma_Metro,UPI
07-11-2024,1923.3000000000002,Food,Mess_Canteen,UPI
2024/09/17,149.61,Transport,Namma_Metro,UPI
04-11-2024,266.09,Food,Local_Dhaba,UPI
02-06-2024,235.62,Entertainment,Spotify,Cash
18-06-2024,141.65,Food,Local_Dhaba,Cash
08-07-2024,137.68,Transport,Ola,UPI
09-10-2024,88.9,Transport,Uber,Cash
20-11-2024,89.97,Food,Subway,Cash
2024/11/17,133.69,,Uber,Card
18-10-2024,154.99,Food,Swiggy,UPI
12-11-2024,208.68,Transport,BMTC_Pass,UPI
25-07-2024,170.55,Food,Mess_Canteen,Cash
30-07-2024,277.62,Entertainment,Steam,Cash
27-06-2024,126.88,Food,Dominos,UPI
05-07-2024,128.04,Food,Zomato,UPI
15-11-2024,13.81,Education,Books_Store,UPI
2024/11/14,699.01,Utilities,Laundry,UPI
02-09-2024,174.45,Food,Dominos,UPI
22-11-2024,332.14,Entertainment,Spotify,UPI
19-06-2024,741.44,Utilities,Laundry,UPI
04-06-2024,73.82,Food,Local_Dhaba,Cash
28-06-2024,147.33,Transport,Ola,UPI
03-07-2024,175.38,Food,CCD,UPI
19-08-2024,496.39,Utilities,Jio_Recharge,UPI
26-09-2024,130.31,Food,Dominos,UPI
07-11-2024,156.87,Transport,Namma_Metro,UPI
27-09-2024,595.09,Utilities,Jio_Recharge,UPI
11-08-2024,665.05,Utilities,Airtel,Cash
06-11-2024,169.11,Transport,Uber,UPI
2024/10/28,141.13,Transport,Rapido,UPI
24-08-2024,129.38,Transport,Namma_Metro,UPI
01-06-2024,741.68,Utilities,Airtel,UPI
17-11-2024,411.26,Education,Books_Store,Cash
2024/09/26,577.9,Education,Xerox_Shop,UPI
31-10-2024,425.94,Entertainment,Spotify,Cash
20-10-2024,153.58,Food,Subway,UPI
06-10-2024,197.31,Food,Local_Dhaba,Cash
01-06-2024,294.04,Food,Mess_Canteen,UPI
2024/10/04,135.47,Transport,Rapido,UPI
06-09-2024,167.96,Food,Swiggy,UPI
2024/06/24,287.44,Entertainment,BookMyShow,UPI
07-06-2024,719.85,Education,Xerox_Shop,Card
23-08-2024,162.55,Food,Subway,UPI
21-06-2024,604.43,Education,College_Fee,Cash
2024/08/13,675.91,Education,Coursera,Cash
30-06-2024,265.24,Food,Dominos,Card
19-10-2024,161.57,,Dominos,UPI
10-08-2024,265.81,Food,CCD,UPI
27-07-2024,415.06,Education,Books_Store,Cash
24-08-2024,241.53,Food,Subway,UPI
03-07-2024,506.97,Education,College_Fee,Cash
22-11-2024,540.11,Education,College_Fee,Card
30-07-2024,551.6,Utilities,Jio_Recharge,Card
19-11-2024,91.47,Transport,Namma_Metro,UPI
27-06-2024,124.69,Food,Subway,UPI
19-06-2024,89.18,Transport,Uber,UPI
20-08-2024,96.58,Transport,BMTC_Pass,UPI
21-09-2024,750.35,,College_Fee,UPI
17-09-2024,149.61,Transport,Namma_Metro,UPI
15-10-2024,131.84,Transport,Namma_Metro,Cash
16-07-2024,212.2,Food,Mess_Canteen,UPI
17-09-2024,170.79,,Dominos,Card
27-09-2024,83.15,Food,Local_Dhaba,UPI
25-09-2024,154.18,Transport,Uber,UPI
27-09-2024,510.47,Education,College_Fee,UPI
13-10-2024,705.11,Utilities,EB_Bill,UPI
09-06-2024,212.59,,Dominos,UPI
11-11-2024,534.31,Utilities,EB_Bill,Cash
14-08-2024,415.06,Entertainment,Netflix,Card
06-07-2024,932.81,Utilities,Airtel,Cash
01-06-2024,285.62,Food,Subway,Cash
11-07-2024,140.06,Food,Subway,UPI
16-11-2024,315.86,Education,Coursera,Cash
16-06-2024,235.84,,Steam,Cash
19-11-2024,402.2,Entertainment,Spotify,Card
27-10-2024,204.43,Food,Subway,UPI
02-08-2024,458.89,,Steam,Cash
25-11-2024,171.14,Transport,Namma_Metro,UPI
03-07-2024,167.34,Food,Subway,UPI
2024/10/28,217.61,Food,Mess_Canteen,UPI
06-09-2024,91.07,Transport,Ola,UPI
11-09-2024,107.0,Food,Subway,UPI
18-06-2024,375.77,Utilities,Airtel,Card
26-07-2024,174.15,Food,Dominos,UPI
12-06-2024,218.32,Entertainment,PVR_Cinemas,UPI
11-06-2024,146.65,Food,CCD,Cash
25-07-2024,199.65,Food,Swiggy,UPI
02-08-2024,200.71,Entertainment,Netflix,UPI
31-10-2024,183.07,Food,Mess_Canteen,Card
04-09-2024,174.37,Food,Local_Dhaba,Card
01-08-2024,158.84,Food,Local_Dhaba,Cash
17-10-2024,440.54,Entertainment,PVR_Cinemas,Card
17-06-2024,247.75,Entertainment,Netflix,Cash
01-10-2024,158.73,Food,Subway,UPI
2024/07/20,191.44,Food,Local_Dhaba,Cash
13-09-2024,211.03,Entertainment,PVR_Cinemas,Card
30-09-2024,159.13,Food,Subway,UPI
21-06-2024,259.81,Entertainment,Spotify,UPI
28-06-2024,520.79,Utilities,EB_Bill,Cash
07-08-2024,185.93,Transport,Rapido,UPI
29-09-2024,1032.61,,Airtel,Card
2024/09/21,182.49,Transport,Rapido,UPI
18-11-2024,214.87,Food,CCD,UPI
27-06-2024,184.53,Food,Mess_Canteen,Cash
15-07-2024,557.17,Education,Udemy,UPI
27-09-2024,514.56,Education,Xerox_Shop,UPI
17-06-2024,1016.64,Utilities,PG_Rent,UPI
03-07-2024,440.91,Utilities,Laundry,Card
13-08-2024,1526.8000000000002,Food,Local_Dhaba,Cash
28-10-2024,178.62,Transport,Rapido,Card
24-11-2024,623.06,Utilities,Airtel,UPI
04-11-2024,624.55,Education,Coursera,UPI
20-08-2024,218.97,Food,Mess_Canteen,UPI
16-06-2024,253.48,Food,Zomato,UPI
28-06-2024,638.93,Education,Xerox_Shop,UPI
02-11-2024,79.35,Transport,Rapido,UPI
15-08-2024,107.73,Food,CCD,UPI
15-07-2024,1009.7,Transport,Namma_Metro,Card
25-11-2024,119.78,Food,Subway,UPI
23-11-2024,593.27,Education,Coursera,UPI
06-09-2024,186.58,Food,Local_Dhaba,UPI
07-08-2024,87.26,Transport,Namma_Metro,UPI
21-11-2024,265.2,Food,Local_Dhaba,Cash
23-10-2024,181.86,Food,Dominos,UPI
12-10-2024,242.26,Food,Swiggy,Cash
26-09-2024,565.38,Utilities,PG_Rent,Card
11-06-2024,73.38,Food,Swiggy,UPI
02-09-2024,113.27,Transport,Rapido,UPI
31-10-2024,119.35,Food,Zomato,Card
11-09-2024,140.55,Transport,BMTC_Pass,UPI
04-08-2024,577.17,Education,Books_Store,Card
25-11-2024,105.79,Food,Mess_Canteen,Cash
2024/11/26,796.47,Utilities,EB_Bill,UPI
07-09-2024,175.61,Food,Swiggy,UPI
26-09-2024,94.92,Food,Mess_Canteen,Cash
13-06-2024,4087.9,Utilities,Airtel,Card
23-06-2024,193.21,Food,Subway,Card
28-06-2024,168.6,Food,Subway,UPI
01-08-2024,366.89,Utilities,Airtel,UPI
04-07-2024,642.98,Utilities,Airtel,UPI
22-09-2024,201.8,Food,Zomato,UPI
12-07-2024,1073.83,Utilities,EB_Bill,Card
23-08-2024,121.71,Transport,Rapido,Card
14-11-2024,134.7,Transport,Rapido,UPI
11-08-2024,127.32,Transport,BMTC_Pass,UPI
08-11-2024,679.29,Utilities,Airtel,UPI
24-10-2024,327.33,Utilities,Airtel,UPI
20-06-2024,170.11,Transport,Rapido,UPI
27-07-2024,189.4,Food,Swiggy,UPI
28-07-2024,328.01,Entertainment,PVR_Cinemas,Card
22-06-2024,155.44,Transport,BMTC_Pass,Card
03-09-2024,713.93,Utilities,PG_Rent,UPI
10-09-2024,134.83,Food,Subway,UPI
18-11-2024,115.35,Food,Local_Dhaba,Cash
17-11-2024,345.71,Entertainment,PVR_Cinemas,UPI
16-11-2024,272.09,Education,Coursera,Cash
07-06-2024,603.83,Utilities,EB_Bill,Card
11-07-2024,149.39,Food,Local_Dhaba,Cash
2024/11/26,166.86,Transport,Namma_Metro,UPI
23-10-2024,320.17,,Spotify,UPI
19-11-2024,118.51,Food,Subway,Cash
23-07-2024,619.16,Utilities,EB_Bill,UPI
20-10-2024,302.59,Entertainment,Steam,Cash
15-09-2024,221.91,Food,Zomato,UPI
30-08-2024,383.33,Education,College_Fee,Card
08-11-2024,185.25,Transport,Namma_Metro,Card
28-10-2024,30.71,Food,Dominos,UPI
17-10-2024,2451.3999999999996,Entertainment,Netflix,UPI
19-07-2024,140.2,Food,CCD,UPI
24-09-2024,68.49,transport,Namma_Metro,Card
08-06-2024,222.48,Entertainment,PVR_Cinemas,UPI
03-11-2024,176.29,Food,Swiggy,UPI
15-08-2024,171.32,,CCD,Cash
01-09-2024,134.21,Transport,BMTC_Pass,Card
28-09-2024,179.01,Food,Subway,Card
23-09-2024,180.12,Transport,Namma_Metro,Card
03-11-2024,116.12,Food,Subway,Cash
14-10-2024,115.33,Transport,Uber,Card
10-06-2024,275.75,,PVR_Cinemas,Cash
2024/10/21,208.09,Entertainment,Netflix,Cash
08-08-2024,570.97,Utilities,Jio_Recharge,UPI
12-09-2024,710.87,Utilities,EB_Bill,UPI
2024/10/07,173.84,Food,Subway,Cash
11-08-2024,376.72,Entertainment,Spotify,Cash
30-06-2024,129.02,Transport,BMTC_Pass,Cash
03-08-2024,265.32,Entertainment,BookMyShow,Cash
03-08-2024,127.7,Transport,Rapido,Card
26-08-2024,106.91,Transport,Ola,UPI
20-06-2024,171.84,Transport,BMTC_Pass,UPI
27-10-2024,266.53,Food,CCD,Cash
23-09-2024,122.97,Food,Dominos,UPI
17-09-2024,352.02,Utilities,Laundry,UPI
22-10-2024,633.0,Utilities,EB_Bill,UPI
16-08-2024,142.99,Transport,Ola,Cash
03-07-2024,58.68,Transport,Namma_Metro,UPI
2024/07/30,390.36,Education,Udemy,UPI
27-09-2024,92.27,Food,CCD,UPI
25-09-2024,153.22,Food,CCD,UPI
27-10-2024,261.87,Food,Mess_Canteen,UPI
22-10-2024,457.71,Utilities,Airtel,UPI
29-09-2024,110.1,Transport,Ola,UPI
05-07-2024,225.25,Utilities,PG_Rent,UPI
10-09-2024,83.91,Transport,Rapido,UPI
07-09-2024,835.29,Utilities,PG_Rent,Cash
2024/10/04,65.08,Transport,Namma_Metro,UPI
30-07-2024,390.88,Entertainment,BookMyShow,Cash
22-09-2024,607.84,Education,Coursera,UPI
09-06-2024,680.06,Education,Xerox_Shop,UPI
07-08-2024,600.55,Utilities,EB_Bill,UPI
16-09-2024,461.75,Education,College_Fee,Card
21-09-2024,204.16,Food,Subway,Cash
10-08-2024,269.78,Entertainment,Steam,UPI
2024/07/27,218.38,Food,Dominos,UPI
27-08-2024,95.06,food,Local_Dhaba,UPI
2024/11/27,467.05,Education,Xerox_Shop,UPI
27-08-2024,541.85,Education,College_Fee,UPI
03-11-2024,527.68,Education,Udemy,UPI
28-06-2024,103.11,Transport,Uber,Card
20-08-2024,117.67,Food,Subway,Cash
2024/07/17,197.12,Food,Dominos,Cash
20-06-2024,158.1,Transport,Ola,UPI
26-11-2024,106.16,Transport,Uber,UPI
10-11-2024,64.77,Transport,BMTC_Pass,Cash
06-08-2024,418.26,Education,Coursera,UPI
03-09-2024,277.27,Education,Xerox_Shop,UPI
20-10-2024,657.6,,Coursera,Card
25-08-2024,91.64,Food,CCD,UPI
06-11-2024,307.36,Entertainment,Spotify,Card
17-09-2024,622.03,Education,College_Fee,UPI
09-06-2024,197.18,Transport,Namma_Metro,UPI
24-08-2024,217.74,Food,Subway,UPI
02-06-2024,703.35,Education,Xerox_Shop,Cash
11-11-2024,294.98,Entertainment,Steam,UPI
02-08-2024,133.58,Transport,Rapido,Cash
25-07-2024,172.72,food,Mess_Canteen,Cash
07-06-2024,266.51,Education,College_Fee,UPI
01-09-2024,351.42,Education,Books_Store,UPI
04-07-2024,272.53,Entertainment,Steam,Card
14-09-2024,95.23,Transport,Ola,UPI
20-10-2024,654.65,Education,Udemy,UPI
09-10-2024,756.61,Utilities,Laundry,UPI
26-11-2024,233.19,Education,Books_Store,UPI
24-10-2024,766.43,Utilities,EB_Bill,Card
26-11-2024,126.88,Transport,Ola,Card
25-09-2024,961.84,Utilities,Airtel,UPI
2024/11/17,685.74,Education,College_Fee,UPI
27-08-2024,5493.099999999999,Education,College_Fee,Card
19-07-2024,357.49,Entertainment,PVR_Cinemas,UPI
2024/11/16,199.94,Food,Local_Dhaba,Cash
27-10-2024,89.1,Transport,Namma_Metro,Cash
14-11-2024,699.01,Utilities,Laundry,UPI
24-11-2024,406.96,Entertainment,Steam,Cash
29-07-2024,86.31,Food,CCD,UPI
16-10-2024,497.54,Education,Coursera,UPI
18-11-2024,686.58,Utilities,Jio_Recharge,Cash
12-08-2024,411.4,Entertainment,BookMyShow,Cash
09-07-2024,500.06,Utilities,Jio_Recharge,UPI
16-09-2024,695.36,Utilities,Jio_Recharge,UPI
24-08-2024,140.71,Food,Dominos,Card
20-06-2024,218.88,Food,Dominos,Card
10-11-2024,571.46,Utilities,Jio_Recharge,UPI
22-08-2024,169.68,Transport,BMTC_Pass,UPI
17-10-2024,335.97,Entertainment,BookMyShow,Cash
2024/06/14,441.0,Education,Xerox_Shop,Card
17-10-2024,755.84,Utilities,Laundry,UPI
29-10-2024,155.4,Food,Subway,Card
03-07-2024,242.77,Food,Swiggy,UPI
2024/06/26,120.45,Transport,Rapido,UPI
09-06-2024,433.07,Education,Coursera,UPI
29-09-2024,537.41,Education,Books_Store,UPI
26-10-2024,505.7,Education,Udemy,Card
21-11-2024,434.17,,BookMyShow,Cash
20-10-2024,39.34,Entertainment,PVR_Cinemas,UPI
17-11-2024,76.94,Transport,Namma_Metro,Cash
08-10-2024,507.98,Utilities,Jio_Recharge,Cash
10-07-2024,86.9,Transport,BMTC_Pass,UPI
10-11-2024,239.66,Food,Subway,Card
03-06-2024,128.43,Transport,Namma_Metro,UPI
14-10-2024,185.18,,Mess_Canteen,UPI
20-07-2024,252.22,Entertainment,PVR_Cinemas,UPI
07-08-2024,175.24,Food,Subway,Cash
03-06-2024,672.31,Utilities,Airtel,Cash
04-09-2024,655.77,Utilities,Jio_Recharge,UPI
18-06-2024,84.78,Transport,BMTC_Pass,UPI
09-08-2024,550.91,Utilities,Laundry,Cash
03-07-2024,131.74,Transport,Rapido,UPI
29-06-2024,144.7,Transport,Namma_Metro,Cash
01-08-2024,97.0,Transport,Namma_Metro,UPI
16-10-2024,339.32,Entertainment,BookMyShow,UPI
26-06-2024,399.78,Entertainment,Netflix,UPI
16-08-2024,118.27,Food,Subway,UPI
21-11-2024,119.71,,Ola,UPI
26-11-2024,42.48,Transport,BMTC_Pass,UPI
18-06-2024,96.54,Transport,Uber,UPI
22-06-2024,240.27,Food,Zomato,Cash
16-08-2024,400.1,Utilities,Jio_Recharge,UPI
2024/06/14,973.81,Utilities,PG_Rent,Cash
20-07-2024,859.43,Utilities,EB_Bill,UPI
29-07-2024,506.84,Education,College_Fee,Cash
13-07-2024,655.31,,Airtel,UPI
30-06-2024,214.21,Food,CCD,UPI
17-11-2024,365.24,Education,Books_Store,Card
10-10-2024,96.19,Food,Dominos,UPI
25-09-2024,620.56,Utilities,PG_Rent,Cash
21-07-2024,306.08,Entertainment,Steam,Card
18-10-2024,410.09,Education,Coursera,Card
26-07-2024,162.72,Food,Subway,UPI
05-10-2024,207.83,Transport,Uber,Card
01-08-2024,268.64,Utilities,Airtel,UPI
11-11-2024,344.7,Entertainment,Spotify,UPI
23-10-2024,118.3,Food,Subway,Card
17-10-2024,194.71,Transport,Rapido,Cash
31-10-2024,188.74,Transport,Ola,UPI
17-08-2024,525.4,Education,Xerox_Shop,UPI
26-11-2024,423.5,Education,College_Fee,UPI
11-07-2024,179.54,Food,Local_Dhaba,Card
27-11-2024,125.5,Food,Local_Dhaba,UPI
28-10-2024,139.89,Food,Zomato,Cash
12-09-2024,893.83,Utilities,Jio_Recharge,UPI
15-07-2024,175.97,Food,Subway,UPI
03-09-2024,149.59,Transport,Rapido,Card
25-07-2024,438.79,Education,College_Fee,Card
30-07-2024,390.36,Education,Udemy,UPI
06-06-2024,647.4,Education,Xerox_Shop,UPI
02-07-2024,218.61,,Spotify,Cash
08-10-2024,131.57,transport,BMTC_Pass,Card
2024/07/29,303.65,Entertainment,Steam,UPI
2024/08/03,339.6,Entertainment,Spotify,Cash
06-11-2024,745.87,Education,Udemy,UPI
02-09-2024,545.56,Utilities,PG_Rent,Cash
11-08-2024,185.92,Food,Mess_Canteen,Cash
24-09-2024,115.22,Food,CCD,Card
20-10-2024,4292.099999999999,Education,Books_Store,UPI
30-09-2024,243.77,Entertainment,BookMyShow,Card
17-06-2024,83.05,Transport,Uber,Cash
24-08-2024,225.86,Food,Zomato,Card
12-11-2024,163.19,Food,CCD,UPI
25-06-2024,109.16,Transport,Uber,UPI
30-07-2024,164.14,Food,CCD,UPI
20-09-2024,361.34,Entertainment,Spotify,UPI
11-07-2024,349.1,Education,Books_Store,UPI
24-11-2024,125.99,Transport,Ola,UPI
2024/10/23,117.34,,Subway,UPI
20-10-2024,583.85,Utilities,Laundry,UPI
23-10-2024,477.95,Education,Udemy,UPI
15-08-2024,204.59,Food,Subway,Card
25-08-2024,305.53,Food,CCD,UPI
06-09-2024,96.78,Transport,Rapido,UPI
26-09-2024,394.78,Entertainment,Spotify,Cash
07-11-2024,179.96,Transport,BMTC_Pass,Cash
21-10-2024,122.4,Food,Mess_Canteen,Cash
25-09-2024,162.09,Food,Dominos,UPI
31-08-2024,208.99,Food,Subway,UPI
08-11-2024,568.51,Utilities,Jio_Recharge,Card
19-08-2024,490.09,Education,College_Fee,UPI
12-06-2024,257.97,Education,Xerox_Shop,Card
07-08-2024,124.79,Food,Subway,UPI
23-06-2024,143.43,Entertainment,BookMyShow,UPI
09-07-2024,96.75,Food,CCD,UPI
13-06-2024,49.21,Transport,BMTC_Pass,UPI
03-10-2024,172.02,Food,Dominos,UPI
20-06-2024,1551.1000000000001,Food,Subway,Cash
27-07-2024,81.2,Transport,BMTC_Pass,UPI
27-09-2024,181.07,Transport,Namma_Metro,UPI
24-06-2024,615.63,Education,Books_Store,UPI
22-11-2024,135.51,Food,Subway,Cash
09-07-2024,653.39,,Xerox_Shop,UPI
27-07-2024,158.0,Food,Dominos,UPI
02-06-2024,346.65,Utilities,Laundry,Card
09-10-2024,178.8,Transport,Ola,Cash
2024/11/27,355.28,Entertainment,Steam,UPI
26-10-2024,124.39,transport,Rapido,Card
15-11-2024,262.11,Entertainment,BookMyShow,UPI
10-07-2024,118.58,Transport,Rapido,Card
13-11-2024,167.81,Transport,BMTC_Pass,UPI
17-10-2024,194.71,Transport,Rapido,Cash
2024/09/03,183.39,Food,Subway,UPI
19-09-2024,87.9,Food,Zomato,Cash
27-08-2024,109.86,Transport,BMTC_Pass,Card
30-10-2024,566.69,Education,College_Fee,Cash
2024/09/25,1836.3,Food,CCD,Cash
07-08-2024,442.39,Utilities,Jio_Recharge,Cash
04-06-2024,705.9,Utilities,Laundry,UPI
22-09-2024,677.86,Education,Xerox_Shop,UPI
12-10-2024,231.88,Food,Swiggy,UPI
23-10-2024,169.67,Entertainment,PVR_Cinemas,Cash
02-11-2024,236.53,Food,Mess_Canteen,UPI
15-06-2024,586.89,Utilities,PG_Rent,UPI
02-08-2024,471.97,,Xerox_Shop,Cash
12-07-2024,114.32,Food,Dominos,UPI
07-11-2024,307.04,Utilities,Jio_Recharge,Cash
15-09-2024,257.01,,BookMyShow,UPI
19-10-2024,115.47,Transport,Rapido,UPI
11-07-2024,166.83,Food,Zomato,UPI
20-09-2024,129.35,Food,Local_Dhaba,UPI
24-07-2024,91.3,Food,CCD,Card
16-10-2024,722.03,Utilities,EB_Bill,UPI
2024/06/10,496.35,Utilities,PG_Rent,UPI
10-07-2024,330.7,Entertainment,Spotify,Cash
11-11-2024,386.94,Education,Xerox_Shop,UPI
18-08-2024,201.79,Food,Local_Dhaba,Cash
27-11-2024,312.75,Entertainment,Steam,Cash
17-10-2024,465.36,Education,Udemy,UPI
11-11-2024,122.43,Transport,BMTC_Pass,UPI
21-06-2024,178.92,Food,Zomato,Card
23-11-2024,287.25,Education,Xerox_Shop,Cash
13-07-2024,392.24,Education,College_Fee,Cash
16-10-2024,721.99,Education,Xerox_Shop,UPI
02-10-2024,196.99,Food,Subway,UPI
19-09-2024,540.74,Education,Books_Store,Cash
03-09-2024,182.29,Food,CCD,UPI
12-10-2024,121.07,Transport,Uber,Card
01-06-2024,460.3,Education,College_Fee,Cash
04-08-2024,139.4,transport,BMTC_Pass,UPI
31-07-2024,1068.3,Utilities,Airtel,UPI
17-06-2024,815.38,Utilities,Airtel,Card
28-08-2024,180.21,Transport,Uber,UPI
14-11-2024,286.29,Education,College_Fee,UPI
28-06-2024,70.76,Food,Subway,UPI
20-10-2024,248.08,Entertainment,Steam,Card
27-08-2024,600.94,Utilities,Airtel,Card
15-11-2024,86.8,Transport,Ola,UPI
19-07-2024,105.07,Food,Subway,UPI
25-09-2024,108.57,Food,Mess_Canteen,UPI
01-07-2024,143.38,Food,Subway,UPI
16-10-2024,658.34,Utilities,PG_Rent,Card
06-09-2024,30.02,Transport,BMTC_Pass,Cash
10-07-2024,188.91,Transport,Namma_Metro,UPI
01-11-2024,63.47,Transport,Rapido,Cash
22-09-2024,95.06,Transport,BMTC_Pass,UPI
25-07-2024,234.88,Food,CCD,UPI
2024/06/24,118.41,Food,Dominos,UPI
11-08-2024,327.7,Entertainment,Steam,UPI
02-08-2024,129.33,Food,Local_Dhaba,UPI
11-11-2024,275.64,Utilities,Airtel,UPI
2024/11/16,137.17,Transport,Uber,Cash
19-10-2024,114.4,Transport,Uber,Cash
30-08-2024,409.34,Utilities,Jio_Recharge,Cash
17-09-2024,140.06,Food,Local_Dhaba,UPI
29-09-2024,759.06,Utilities,Airtel,Card
08-10-2024,109.14,Food,Local_Dhaba,Cash
05-09-2024,283.99,Education,College_Fee,Cash
29-09-2024,375.66,Entertainment,Steam,UPI
08-06-2024,121.87,Transport,Namma_Metro,UPI
19-11-2024,243.7,Entertainment,BookMyShow,UPI
16-07-2024,193.35,Food,Dominos,Cash
22-09-2024,421.09,Entertainment,Spotify,UPI
08-06-2024,276.42,Food,CCD,Card
20-09-2024,87.06,Food,CCD,Card
31-08-2024,403.38,Utilities,Jio_Recharge,Card
19-07-2024,159.91,Entertainment,PVR_Cinemas,UPI
11-06-2024,671.86,Utilities,PG_Rent,Cash
06-06-2024,180.88,Food,Dominos,UPI
2024/07/27,178.18,Food,Mess_Canteen,UPI
10-08-2024,90.59,Transport,Ola,UPI
2024/09/20,463.95,Education,College_Fee,UPI
18-10-2024,462.38,Education,Xerox_Shop,UPI
11-09-2024,113.9,Food,Local_Dhaba,Cash
2024/09/18,359.64,Utilities,Airtel,UPI
18-06-2024,386.55,Education,Udemy,UPI
10-08-2024,184.04,Food,Swiggy,Cash
06-09-2024,134.58,Food,Subway,UPI
13-11-2024,115.99,Food,Local_Dhaba,Card
19-06-2024,126.68,Food,Local_Dhaba,Cash
13-08-2024,709.87,Utilities,EB_Bill,Cash
2024/09/10,111.91,Transport,BMTC_Pass,Cash
06-09-2024,147.44,Food,Zomato,UPI
12-07-2024,576.99,Education,Udemy,Cash
18-09-2024,105.47,Food,Zomato,Card
2024/07/10,170.7,Food,Mess_Canteen,Card
06-09-2024,258.88,Education,Coursera,Cash
13-09-2024,127.81,Food,Zomato,UPI
14-09-2024,232.97,Food,Mess_Canteen,Cash
24-08-2024,368.3,Entertainment,Steam,UPI
18-10-2024,127.5,Transport,Rapido,UPI
12-08-2024,353.16,Entertainment,PVR_Cinemas,UPI
18-06-2024,142.62,,Namma_Metro,UPI
05-11-2024,229.36,Entertainment,Netflix,UPI
30-08-2024,126.47,Food,Local_Dhaba,Cash
16-07-2024,206.65,Entertainment,Steam,UPI
04-07-2024,496.25,Education,Books_Store,UPI
31-08-2024,140.02,Transport,Uber,Card
13-11-2024,164.52,Food,CCD,Cash
2024/08/26,114.81,Transport,BMTC_Pass,Cash
15-10-2024,126.23,Transport,Rapido,UPI
22-09-2024,76.45,Transport,Uber,UPI
11-08-2024,533.67,Education,Udemy,UPI
07-08-2024,404.27,Entertainment,Spotify,UPI
30-09-2024,352.97,Entertainment,Netflix,UPI
31-07-2024,166.93,Entertainment,Netflix,Card
2024/09/07,286.89,Food,Dominos,UPI
30-07-2024,354.95,Education,Books_Store,Card
24-11-2024,184.79,Food,Local_Dhaba,UPI
22-07-2024,102.07,Food,Local_Dhaba,UPI
13-06-2024,114.63,Food,Zomato,Card
10-07-2024,126.48,Transport,BMTC_Pass,Card
10-08-2024,131.96,Transport,Rapido,UPI
08-08-2024,641.81,Utilities,Laundry,UPI
31-10-2024,267.66,Entertainment,Steam,UPI
19-08-2024,323.37,Food,Swiggy,UPI
18-06-2024,186.71,Food,Subway,UPI
08-07-2024,168.62,Food,Dominos,UPI
31-10-2024,171.22,Food,Local_Dhaba,Cash
02-11-2024,103.42,Transport,Ola,Card
02-07-2024,145.14,Transport,Namma_Metro,Card
24-06-2024,622.66,Education,Xerox_Shop,Card
04-06-2024,389.82,Entertainment,PVR_Cinemas,UPI
20-11-2024,122.73,Transport,Namma_Metro,UPI
14-07-2024,99.93,Transport,Ola,UPI
03-10-2024,123.48,Food,Mess_Canteen,Cash
12-08-2024,159.86,Food,Zomato,Card
16-06-2024,75.08,Transport,BMTC_Pass,Card
10-08-2024,230.9,Entertainment,PVR_Cinemas,UPI
2024/11/14,192.93,Food,Local_Dhaba,UPI
15-07-2024,294.53,Education,Udemy,UPI
12-06-2024,179.17,Food,Local_Dhaba,Cash
03-11-2024,153.09,Food,Subway,UPI
20-07-2024,198.33,Entertainment,Netflix,UPI
28-07-2024,799.47,Utilities,Airtel,Card
26-06-2024,166.27,Food,CCD,UPI
14-06-2024,165.64,Food,Local_Dhaba,UPI
06-07-2024,176.85,Transport,BMTC_Pass,Cash
2024/06/25,392.92,Entertainment,Netflix,Card
27-06-2024,732.92,Utilities,Jio_Recharge,Cash
25-09-2024,177.4,Transport,Namma_Metro,Card
24-11-2024,195.36,Food,Zomato,UPI
28-09-2024,739.43,Utilities,EB_Bill,Cash
23-07-2024,327.67,Entertainment,PVR_Cinemas,UPI
21-08-2024,78.32,Food,CCD,UPI
08-07-2024,316.29,Entertainment,Spotify,UPI
28-10-2024,213.13,Food,Mess_Canteen,UPI
2024/08/19,172.2,Food,Subway,UPI
31-07-2024,104.54,Transport,Namma_Metro,Card
17-09-2024,472.62,Utilities,PG_Rent,Card
02-08-2024,141.66,Food,Zomato,UPI
22-08-2024,163.04,Food,Subway,UPI
29-10-2024,466.2,Entertainment,Steam,UPI
2024/10/30,183.75,Transport,Ola,UPI
05-10-2024,353.19,Education,Coursera,Cash
16-06-2024,144.55,,Ola,UPI
18-10-2024,120.56,Entertainment,Steam,Cash
13-07-2024,706.76,Utilities,Laundry,Cash
01-06-2024,162.04,Transport,BMTC_Pass,UPI
11-09-2024,533.7,,Xerox_Shop,UPI
07-09-2024,202.47,Transport,BMTC_Pass,UPI
04-08-2024,519.64,Utilities,Jio_Recharge,Card
08-11-2024,661.69,Utilities,Laundry,UPI
19-06-2024,47.09,Transport,BMTC_Pass,UPI
13-07-2024,187.3,Food,Subway,UPI
2024/08/29,179.35,Food,Subway,Card
21-10-2024,593.76,Utilities,EB_Bill,UPI
2024/08/31,77.25,Transport,Rapido,UPI
21-06-2024,117.41,Transport,Rapido,Cash
29-07-2024,199.0,Food,Swiggy,UPI
07-11-2024,376.52,Entertainment,Steam,UPI
28-10-2024,903.11,Utilities,PG_Rent,Card
03-10-2024,149.12,Food,Subway,Card
26-07-2024,90.23,Food,Zomato,UPI
12-07-2024,137.79,,Rapido,UPI
22-09-2024,407.38,Utilities,Laundry,Card
16-09-2024,73.04,Food,Zomato,UPI
09-10-2024,451.84,Entertainment,Netflix,UPI
05-07-2024,72.47,Transport,Uber,UPI
01-08-2024,125.09,Food,CCD,Cash
02-08-2024,378.51,Entertainment,Spotify,UPI
11-07-2024,149.39,Food,Local_Dhaba,Cash
16-08-2024,277.92,Entertainment,Spotify,UPI
2024/08/26,85.64,Food,Subway,UPI
28-09-2024,199.07,Food,Dominos,Card
10-11-2024,119.78,Transport,Uber,UPI
16-09-2024,121.15,Transport,Uber,UPI
25-07-2024,301.25,Entertainment,Netflix,UPI
30-09-2024,111.76,Food,Dominos,Cash
31-10-2024,633.23,,Airtel,UPI
03-07-2024,625.35,Education,Coursera,UPI
06-09-2024,158.36,transport,Rapido,UPI
17-08-2024,409.4,Education,Udemy,UPI
07-08-2024,317.31,Utilities,PG_Rent,Cash
16-11-2024,515.21,Utilities,Laundry,UPI
08-07-2024,223.29,Food,Local_Dhaba,UPI
26-07-2024,633.62,Utilities,Jio_Recharge,Card
10-06-2024,21.82,Food,Dominos,Cash
30-06-2024,281.54,Food,Swiggy,UPI
03-09-2024,591.59,Education,Udemy,Card
19-06-2024,410.49,Entertainment,Spotify,Card
16-06-2024,374.72,Utilities,EB_Bill,Cash
08-08-2024,83.94,Transport,Rapido,Cash
30-10-2024,188.4,Food,CCD,UPI
21-08-2024,234.69,Food,Mess_Canteen,UPI
2024/09/25,127.24,Transport,Uber,UPI
10-08-2024,602.28,Education,Xerox_Shop,Cash
2024/09/08,679.97,Utilities,EB_Bill,Cash
04-11-2024,352.14,Entertainment,Spotify,Cash
16-10-2024,414.44,Entertainment,PVR_Cinemas,Cash
07-08-2024,176.98,Entertainment,BookMyShow,UPI
20-09-2024,128.08,Food,Swiggy,Cash
25-08-2024,279.44,Food,Dominos,Cash
28-06-2024,203.85,Food,Dominos,Cash
30-09-2024,270.77,Entertainment,Spotify,UPI
2024/10/27,337.16,Entertainment,BookMyShow,UPI
20-10-2024,135.91,Food,Subway,Card
05-06-2024,100.88,Transport,BMTC_Pass,Cash
08-06-2024,606.64,Education,Xerox_Shop,Card
11-06-2024,189.88,Education,Xerox_Shop,UPI
12-10-2024,690.17,Utilities,Jio_Recharge,UPI
16-10-2024,353.37,Education,College_Fee,Card
03-11-2024,3948.3999999999996,Entertainment,BookMyShow,UPI
05-10-2024,211.85,Food,Zomato,UPI
18-10-2024,335.56,Education,Xerox_Shop,Card
24-11-2024,138.5,Transport,Rapido,UPI
26-10-2024,137.91,Food,Mess_Canteen,UPI
2024/10/31,124.62,Food,Zomato,UPI
16-10-2024,202.34,Food,Dominos,UPI
16-07-2024,116.15,Transport,Namma_Metro,Card
21-11-2024,103.1,Transport,Uber,Cash
29-07-2024,200.7,Entertainment,Steam,UPI
2024/06/25,155.71,Transport,Rapido,UPI
24-08-2024,248.37,Entertainment,PVR_Cinemas,Cash
06-08-2024,348.5,Entertainment,Steam,UPI
27-07-2024,544.42,Education,Xerox_Shop,UPI
22-09-2024,198.53,Food,Dominos,UPI
03-06-2024,106.58,Food,Zomato,UPI
12-10-2024,250.04,Food,CCD,UPI
2024/08/29,746.75,Education,Books_Store,UPI
20-11-2024,671.56,Education,Coursera,Cash
13-06-2024,115.31,Transport,Ola,Cash
22-06-2024,628.46,Education,Xerox_Shop,Cash
15-07-2024,179.12,Food,CCD,UPI
06-09-2024,77.55,Entertainment,PVR_Cinemas,Card
20-09-2024,120.17,Food,Mess_Canteen,UPI
25-09-2024,184.22,Food,Swiggy,UPI
10-11-2024,261.54,Food,Mess_Canteen,UPI
06-11-2024,160.97,Food,Mess_Canteen,UPI
07-06-2024,283.36,Entertainment,Steam,UPI
08-10-2024,134.86,Transport,Uber,UPI
16-09-2024,254.38,Entertainment,Spotify,UPI
29-09-2024,427.52,Education,College_Fee,UPI
27-07-2024,325.18,Food,Zomato,UPI
21-09-2024,448.85,Utilities,Airtel,UPI
14-09-2024,500.95,Utilities,PG_Rent,UPI
21-07-2024,241.48,Food,Subway,UPI
19-10-2024,369.45,Entertainment,Netflix,UPI
12-08-2024,170.41,Food,Subway,UPI
29-10-2024,391.49,Utilities,Jio_Recharge,UPI
12-09-2024,203.51,Food,Local_Dhaba,Card
10-08-2024,281.54,Food,Subway,Cash
21-07-2024,209.53,Food,Dominos,UPI
2024/06/14,182.02,Food,Dominos,UPI
01-10-2024,132.02,Food,Mess_Canteen,Card
06-08-2024,571.56,Utilities,PG_Rent,Cash
24-08-2024,306.96,Entertainment,Spotify,Card
07-08-2024,485.47,Entertainment,Netflix,UPI
08-06-2024,392.62,Entertainment,BookMyShow,UPI
13-08-2024,103.72,Transport,Rapido,UPI
13-11-2024,103.9,Food,Local_Dhaba,Cash
10-07-2024,195.65,Food,Mess_Canteen,UPI
11-06-2024,147.5,Food,Mess_Canteen,UPI
2024/07/07,291.15,Entertainment,Steam,Cash
21-10-2024,166.0,Transport,Namma_Metro,UPI
14-07-2024,254.19,Food,Subway,Cash
06-09-2024,77.55,Entertainment,PVR_Cinemas,Card
2024/07/01,82.08,Transport,Namma_Metro,UPI
06-08-2024,467.98,Education,College_Fee,Cash
18-09-2024,228.97,Food,CCD,Cash
11-08-2024,286.66,Education,Coursera,Cash
2024/08/02,126.16,Food,Dominos,UPI
15-08-2024,345.65,Entertainment,PVR_Cinemas,UPI
17-11-2024,538.96,Education,Books_Store,UPI
15-06-2024,381.45,Utilities,PG_Rent,Card
11-09-2024,379.35,Entertainment,Steam,UPI
04-10-2024,296.53,Entertainment,Steam,Card
06-07-2024,352.77,,Coursera,Cash
2024/06/03,572.56,Utilities,EB_Bill,Cash
13-11-2024,462.92,Education,Coursera,Cash
22-07-2024,81.82,Food,Local_Dhaba,UPI
19-06-2024,923.58,Utilities,PG_Rent,UPI
22-08-2024,109.74,Food,Swiggy,UPI
03-11-2024,292.74,Entertainment,Netflix,Cash
28-06-2024,147.27,Transport,BMTC_Pass,Cash
04-11-2024,421.14,Education,Udemy,UPI
28-06-2024,623.31,,College_Fee,UPI
03-11-2024,454.47,Utilities,Jio_Recharge,UPI
24-09-2024,408.53,Education,College_Fee,UPI
12-06-2024,93.05,Transport,Ola,UPI
01-06-2024,732.67,Education,Xerox_Shop,UPI
14-10-2024,794.95,Utilities,EB_Bill,Card
14-06-2024,633.59,Utilities,PG_Rent,Cash
02-08-2024,785.73,Utilities,EB_Bill,UPI
24-06-2024,113.79,Transport,BMTC_Pass,Card
08-11-2024,91.95,Food,Mess_Canteen,UPI
17-07-2024,531.65,Education,Xerox_Shop,Cash
15-10-2024,522.01,Education,Books_Store,UPI
12-11-2024,182.51,Food,Local_Dhaba,UPI
08-10-2024,143.59,Food,Local_Dhaba,UPI
20-07-2024,115.39,Transport,BMTC_Pass,Cash
28-09-2024,142.98,Food,Zomato,UPI
03-06-2024,661.52,Utilities,PG_Rent,Cash
29-07-2024,158.4,Transport,BMTC_Pass,Card
30-09-2024,344.32,Entertainment,Steam,Cash
17-06-2024,800.91,Education,Coursera,UPI
2024/08/13,132.15,Transport,Uber,UPI
26-08-2024,267.51,Entertainment,Steam,UPI
17-06-2024,672.73,Utilities,PG_Rent,UPI
2024/07/04,676.89,Education,Books_Store,UPI
04-10-2024,176.88,Food,Mess_Canteen,UPI
20-06-2024,461.06,Education,College_Fee,UPI
2024/09/13,118.22,Transport,Uber,UPI
27-11-2024,349.38,Education,Xerox_Shop,UPI
30-10-2024,103.23,Transport,Uber,Cash
04-08-2024,199.23,Entertainment,Steam,Cash
16-07-2024,504.25,Education,College_Fee,UPI
08-08-2024,677.41,Utilities,Laundry,UPI
30-06-2024,344.01,Education,Books_Store,Card
06-10-2024,471.4,Education,Udemy,Cash
30-07-2024,563.36,Utilities,Laundry,UPI
26-06-2024,172.04,Entertainment,BookMyShow,Cash
25-10-2024,141.93,Transport,Ola,UPI
08-11-2024,941.42,Utilities,Airtel,Cash
18-07-2024,141.88,Transport,Namma_Metro,UPI
20-08-2024,152.16,Food,Zomato,Cash
